x,y,z,entanglement
0,0,0,nan
0,0,10,nan
0,0,20,nan
0,0,30,0
0,0,40,0
0,0,50,0
0,0,60,0
0,0,70,0
0,0,80,nan
0,0,90,nan
0,0,100,nan
0,0,110,nan
0,0,120,nan
0,0,130,0
0,0,140,0
0,0,150,4.93589e-05
0,0,160,4.74975e-05
0,0,170,0
0,0,180,nan
0,0,190,nan
0,0,200,nan
0,0,210,nan
0,0,220,nan
0,0,230,nan
0,0,240,nan
0,0,250,nan
0,10,0,nan
0,10,10,nan
0,10,20,0
0,10,30,0
0,10,40,0
0,10,50,0
0,10,60,0
0,10,70,0
0,10,80,0
0,10,90,nan
0,10,100,nan
0,10,110,0
0,10,120,0
0,10,130,0.000141511
0,10,140,0.000412173
0,10,150,0.000777568
0,10,160,0.00049751
0,10,170,0.000255755
0,10,180,0
0,10,190,nan
0,10,200,nan
0,10,210,nan
0,10,220,nan
0,10,230,nan
0,10,240,nan
0,10,250,nan
0,20,0,nan
0,20,10,nan
0,20,20,0
0,20,30,0
0,20,40,0
0,20,50,0
0,20,60,0
0,20,70,0
0,20,80,0
0,20,90,nan
0,20,100,0
0,20,110,0.000231287
0,20,120,0.000441404
0,20,130,0.00137065
0,20,140,0.00196263
0,20,150,0.00547935
0,20,160,0.00162295
0,20,170,0.00117839
0,20,180,0.000255755
0,20,190,0
0,20,200,nan
0,20,210,nan
0,20,220,nan
0,20,230,nan
0,20,240,nan
0,20,250,nan
0,30,0,nan
0,30,10,nan
0,30,20,0
0,30,30,0
0,30,40,0
0,30,50,0
0,30,60,1.90397e-06
0,30,70,1.8454e-06
0,30,80,0
0,30,90,0
0,30,100,0.000403707
0,30,110,0.00194935
0,30,120,0.0030314
0,30,130,0.00483457
0,30,140,0.0169889
0,30,150,0.0376489
0,30,160,0.0200172
0,30,170,0.00218569
0,30,180,0.00117839
0,30,190,0
0,30,200,nan
0,30,210,nan
0,30,220,nan
0,30,230,nan
0,30,240,nan
0,30,250,nan
0,40,0,nan
0,40,10,nan
0,40,20,0
0,40,30,0
0,40,40,1.90397e-06
0,40,50,7.00648e-06
0,40,60,7.00648e-06
0,40,70,5.80812e-06
0,40,80,3.73166e-06
0,40,90,9.84025e-05
0,40,100,0.00110632
0,40,110,0.00394883
0,40,120,0.00560037
0,40,130,0.0135066
0,40,140,0.0359275
0,40,150,0.05472
0,40,160,0.0387663
0,40,170,0.00276245
0,40,180,0.00218569
0,40,190,0
0,40,200,nan
0,40,210,nan
0,40,220,nan
0,40,230,nan
0,40,240,nan
0,40,250,nan
0,50,0,nan
0,50,10,nan
0,50,20,nan
0,50,30,4.21697e-06
0,50,40,7.00648e-06
0,50,50,1.11273e-05
0,50,60,1.31626e-05
0,50,70,8.7426e-06
0,50,80,0.000164074
0,50,90,0.000490567
0,50,100,0.00300344
0,50,110,0.00684549
0,50,120,0.00901051
0,50,130,0.0114588
0,50,140,0.0726999
0,50,150,0.0693064
0,50,160,0.0754901
0,50,170,0.0032181
0,50,180,0.00276245
0,50,190,0
0,50,200,nan
0,50,210,nan
0,50,220,nan
0,50,230,nan
0,50,240,nan
0,50,250,nan
0,60,0,nan
0,60,10,nan
0,60,20,nan
0,60,30,0
0,60,40,8.7426e-06
0,60,50,8.7426e-06
0,60,60,8.18617e-06
0,60,70,0.00615122
0,60,80,0.00679838
0,60,90,0.00352756
0,60,100,0.0039292
0,60,110,0.00815168
0,60,120,0.0105832
0,60,130,0.013191
0,60,140,0.0318195
0,60,150,0.0761267
0,60,160,0.0132973
0,60,170,0.00354381
0,60,180,0.00228857
0,60,190,nan
0,60,200,nan
0,60,210,nan
0,60,220,nan
0,60,230,nan
0,60,240,nan
0,60,250,nan
0,70,0,nan
0,70,10,nan
0,70,20,nan
0,70,30,0
0,70,40,0
0,70,50,0.00615122
0,70,60,0.0579977
0,70,70,0.0579977
0,70,80,0.0585982
0,70,90,0.0316354
0,70,100,0.00911726
0,70,110,0.0126776
0,70,120,0.015085
0,70,130,0.0180816
0,70,140,0.0180816
0,70,150,0.0176303
0,70,160,0.0156613
0,70,170,0
0,70,180,0
0,70,190,nan
0,70,200,nan
0,70,210,nan
0,70,220,nan
0,70,230,nan
0,70,240,nan
0,70,250,nan
0,80,0,nan
0,80,10,nan
0,80,20,nan
0,80,30,0
0,80,40,0
0,80,50,0.0579977
0,80,60,0.110613
0,80,70,0.110613
0,80,80,0.110613
0,80,90,0.0864515
0,80,100,0.0329137
0,80,110,0.0175459
0,80,120,0.0202947
0,80,130,0.0202947
0,80,140,0.0199116
0,80,150,0.0199116
0,80,160,0.0114207
0,80,170,0
0,80,180,0
0,80,190,nan
0,80,200,nan
0,80,210,nan
0,80,220,nan
0,80,230,nan
0,80,240,nan
0,80,250,nan
0,90,0,nan
0,90,10,nan
0,90,20,nan
0,90,30,0
0,90,40,0.0310025
0,90,50,0.110613
0,90,60,0.15613
0,90,70,0.156655
0,90,80,0.15613
0,90,90,0.14334
0,90,100,0.0901953
0,90,110,0.0241238
0,90,120,0.0184733
0,90,130,0.0232773
0,90,140,0.0241611
0,90,150,0.0201325
0,90,160,0.00667024
0,90,170,0.000312435
0,90,180,nan
0,90,190,nan
0,90,200,nan
0,90,210,nan
0,90,220,nan
0,90,230,nan
0,90,240,nan
0,90,250,nan
0,100,0,nan
0,100,10,nan
0,100,20,nan
0,100,30,0
0,100,40,0.0372683
0,100,50,0.124571
0,100,60,0.162205
0,100,70,0.185779
0,100,80,0.184568
0,100,90,0.158784
0,100,100,0.116921
0,100,110,0.0115369
0,100,120,0.0128201
0,100,130,0.0237574
0,100,140,0.0209558
0,100,150,0.0137305
0,100,160,0.000442465
0,100,170,7.89777e-05
0,100,180,0
0,100,190,nan
0,100,200,nan
0,100,210,nan
0,100,220,nan
0,100,230,nan
0,100,240,nan
0,100,250,nan
0,110,0,nan
0,110,10,nan
0,110,20,nan
0,110,30,0.00014746
0,110,40,0.0176982
0,110,50,0.162205
0,110,60,0.199828
0,110,70,0.199828
0,110,80,0.199828
0,110,90,0.172988
0,110,100,0.123199
0,110,110,0.00299927
0,110,120,0.00199993
0,110,130,0.0164694
0,110,140,0.0120408
0,110,150,0.000349287
0,110,160,0.000270309
0,110,170,0
0,110,180,0
0,110,190,0
0,110,200,nan
0,110,210,nan
0,110,220,nan
0,110,230,nan
0,110,240,nan
0,110,250,nan
0,120,0,nan
0,120,10,nan
0,120,20,nan
0,120,30,0
0,120,40,0.00498695
0,120,50,0.131816
0,120,60,0.178634
0,120,70,0.20807
0,120,80,0.208925
0,120,90,0.171638
0,120,100,0.11444
0,120,110,0.000887339
0,120,120,0.00138949
0,120,130,0.00180427
0,120,140,0.00138949
0,120,150,0.000533849
0,120,160,0
0,120,170,0
0,120,180,0
0,120,190,0
0,120,200,nan
0,120,210,nan
0,120,220,nan
0,120,230,nan
0,120,240,nan
0,120,250,nan
0,130,0,nan
0,130,10,nan
0,130,20,nan
0,130,30,0
0,130,40,0.00372412
0,130,50,0.0087147
0,130,60,0.133235
0,130,70,0.17271
0,130,80,0.16664
0,130,90,0.104326
0,130,100,0.00486328
0,130,110,0.00188108
0,130,120,0.00255608
0,130,130,0.00292092
0,130,140,0.00279747
0,130,150,0.00180427
0,130,160,0
0,130,170,0
0,130,180,0
0,130,190,0
0,130,200,0
0,130,210,nan
0,130,220,nan
0,130,230,nan
0,130,240,nan
0,130,250,nan
0,140,0,nan
0,140,10,nan
0,140,20,nan
0,140,30,0
0,140,40,0
0,140,50,0.00638811
0,140,60,0.0119319
0,140,70,0.0148484
0,140,80,0.0173858
0,140,90,0.0122598
0,140,100,0.000109871
0,140,110,0.0017026
0,140,120,0.00292092
0,140,130,0.00292092
0,140,140,0.00292092
0,140,150,0.00221314
0,140,160,0
0,140,170,0
0,140,180,0
0,140,190,0
0,140,200,nan
0,140,210,nan
0,140,220,nan
0,140,230,nan
0,140,240,nan
0,140,250,nan
0,150,0,nan
0,150,10,nan
0,150,20,nan
0,150,30,0
0,150,40,1.39354e-05
0,150,50,1.39354e-05
0,150,60,0.0083894
0,150,70,0.0112287
0,150,80,0.0129255
0,150,90,0.000109871
0,150,100,0.000109871
0,150,110,0.00110391
0,150,120,0.00292092
0,150,130,0.00292092
0,150,140,0.00292092
0,150,150,0.00221314
0,150,160,0
0,150,170,0
0,150,180,0
0,150,190,0
0,150,200,nan
0,150,210,nan
0,150,220,nan
0,150,230,nan
0,150,240,nan
0,150,250,nan
0,160,0,nan
0,160,10,nan
0,160,20,nan
0,160,30,4.0874e-05
0,160,40,6.53817e-05
0,160,50,6.53817e-05
0,160,60,0.000164963
0,160,70,0.000317218
0,160,80,0.000546357
0,160,90,0.000276291
0,160,100,0.00016854
0,160,110,0.000157641
0,160,120,0.00157773
0,160,130,0.00292092
0,160,140,0.00279747
0,160,150,0.00138949
0,160,160,0
0,160,170,3.75656e-05
0,160,180,0.000109913
0,160,190,0
0,160,200,nan
0,160,210,nan
0,160,220,nan
0,160,230,nan
0,160,240,nan
0,160,250,nan
0,170,0,nan
0,170,10,nan
0,170,20,0
0,170,30,0
0,170,40,0.000153545
0,170,50,0.000601662
0,170,60,0.0010026
0,170,70,0.00102153
0,170,80,0.000827888
0,170,90,0.000573745
0,170,100,0.00022562
0,170,110,0.000121906
0,170,120,0
0,170,130,0.000157641
0,170,140,0.000852068
0,170,150,0
0,170,160,3.75656e-05
0,170,170,0.000109913
0,170,180,0
0,170,190,0
0,170,200,0
0,170,210,nan
0,170,220,nan
0,170,230,nan
0,170,240,nan
0,170,250,nan
0,180,0,nan
0,180,10,nan
0,180,20,0
0,180,30,0
0,180,40,0.000542903
0,180,50,0.00163288
0,180,60,0.00241705
0,180,70,0.0020611
0,180,80,0.00115573
0,180,90,0.00105251
0,180,100,0.00333983
0,180,110,0.00102029
0,180,120,0.000121906
0,180,130,0
0,180,140,nan
0,180,150,nan
0,180,160,0
0,180,170,0
0,180,180,0
0,180,190,0
0,180,200,0
0,180,210,nan
0,180,220,nan
0,180,230,nan
0,180,240,nan
0,180,250,nan
0,190,0,nan
0,190,10,nan
0,190,20,0
0,190,30,0
0,190,40,0.00163288
0,190,50,0.00286267
0,190,60,0.00286267
0,190,70,0.00556267
0,190,80,0.0125314
0,190,90,0.00909426
0,190,100,0.00709839
0,190,110,0.00709839
0,190,120,0.00315721
0,190,130,0
0,190,140,nan
0,190,150,nan
0,190,160,0
0,190,170,0
0,190,180,0
0,190,190,0
0,190,200,nan
0,190,210,nan
0,190,220,nan
0,190,230,nan
0,190,240,nan
0,190,250,nan
0,200,0,nan
0,200,10,nan
0,200,20,0
0,200,30,0
0,200,40,0.00286267
0,200,50,0.0034007
0,200,60,0.00385259
0,200,70,0.016388
0,200,80,0.0208718
0,200,90,0.0201191
0,200,100,0.0201191
0,200,110,0.0166417
0,200,120,0.0101003
0,200,130,0.000262082
0,200,140,nan
0,200,150,0
0,200,160,0
0,200,170,0
0,200,180,0
0,200,190,nan
0,200,200,nan
0,200,210,nan
0,200,220,nan
0,200,230,nan
0,200,240,nan
0,200,250,nan
0,210,0,nan
0,210,10,nan
0,210,20,0
0,210,30,0
0,210,40,0.0034007
0,210,50,0.00385259
0,210,60,0.00809205
0,210,70,0.0281957
0,210,80,0.035317
0,210,90,0.0402275
0,210,100,0.0285522
0,210,110,0.0237423
0,210,120,0.0166417
0,210,130,0.00109619
0,210,140,0.00017965
0,210,150,0
0,210,160,0
0,210,170,0
0,210,180,0
0,210,190,nan
0,210,200,nan
0,210,210,nan
0,210,220,nan
0,210,230,nan
0,210,240,nan
0,210,250,nan
0,220,0,nan
0,220,10,nan
0,220,20,nan
0,220,30,0
0,220,40,0.00312988
0,220,50,0.00687407
0,220,60,0.028499
0,220,70,0.0808962
0,220,80,0.09706
0,220,90,0.0781618
0,220,100,0.0608676
0,220,110,0.0285522
0,220,120,0.0237423
0,220,130,0.00168393
0,220,140,0.000277767
0,220,150,0
0,220,160,0
0,220,170,0
0,220,180,0
0,220,190,0
0,220,200,nan
0,220,210,nan
0,220,220,nan
0,220,230,nan
0,220,240,nan
0,220,250,nan
0,230,0,nan
0,230,10,nan
0,230,20,0
0,230,30,0
0,230,40,0.0133342
0,230,50,0.0510563
0,230,60,0.0945059
0,230,70,0.124859
0,230,80,0.13243
0,230,90,0.139075
0,230,100,0.103875
0,230,110,0.0608676
0,230,120,0.0271901
0,230,130,0.00262072
0,230,140,0
0,230,150,0
0,230,160,0
0,230,170,0
0,230,180,0
0,230,190,0
0,230,200,nan
0,230,210,nan
0,230,220,nan
0,230,230,nan
0,230,240,nan
0,230,250,nan
0,240,0,nan
0,240,10,nan
0,240,20,0
0,240,30,0
0,240,40,0.0198118
0,240,50,0.0993495
0,240,60,0.156867
0,240,70,0.219015
0,240,80,0.179217
0,240,90,0.186736
0,240,100,0.139075
0,240,110,0.107216
0,240,120,0.0262368
0,240,130,0.00453202
0,240,140,0
0,240,150,0
0,240,160,0
0,240,170,0
0,240,180,0
0,240,190,0
0,240,200,nan
0,240,210,nan
0,240,220,nan
0,240,230,nan
0,240,240,nan
0,240,250,nan
0,250,0,nan
0,250,10,0
0,250,20,0
0,250,30,0
0,250,40,0.0250821
0,250,50,0.136851
0,250,60,0.196301
0,250,70,0.196924
0,250,80,0.172605
0,250,90,0.181106
0,250,100,0.156241
0,250,110,0.0989751
0,250,120,0.017281
0,250,130,0
0,250,140,0
0,250,150,0
0,250,160,0
0,250,170,0
0,250,180,0
0,250,190,0
0,250,200,nan
0,250,210,nan
0,250,220,nan
0,250,230,nan
0,250,240,nan
0,250,250,nan
0,260,0,nan
0,260,10,0
0,260,20,0
0,260,30,0
0,260,40,0.0197974
0,260,50,0.102338
0,260,60,0.197094
0,260,70,0.243437
0,260,80,0.174553
0,260,90,0.15139
0,260,100,0.110138
0,260,110,0.0344779
0,260,120,0
0,260,130,0
0,260,140,0
0,260,150,0
0,260,160,0
0,260,170,0
0,260,180,0
0,260,190,0
0,260,200,nan
0,260,210,nan
0,260,220,nan
0,260,230,nan
0,260,240,nan
0,260,250,nan
0,270,0,nan
0,270,10,0
0,270,20,0
0,270,30,0
0,270,40,0.0162811
0,270,50,0.0355389
0,270,60,0.194841
0,270,70,0.180118
0,270,80,0.151518
0,270,90,0.150342
0,270,100,0.0792859
0,270,110,0.0123572
0,270,120,0.00236585
0,270,130,0
0,270,140,0
0,270,150,0
0,270,160,0
0,270,170,0
0,270,180,0
0,270,190,0
0,270,200,nan
0,270,210,nan
0,270,220,nan
0,270,230,nan
0,270,240,nan
0,270,250,nan
0,280,0,nan
0,280,10,nan
0,280,20,0
0,280,30,0
0,280,40,0.0101251
0,280,50,0.0158048
0,280,60,0.0124776
0,280,70,0.100543
0,280,80,0.115898
0,280,90,0.0683878
0,280,100,0.0242389
0,280,110,0.0235126
0,280,120,0.0104252
0,280,130,0.00708078
0,280,140,0.00141716
0,280,150,0
0,280,160,0
0,280,170,0
0,280,180,0
0,280,190,0
0,280,200,nan
0,280,210,nan
0,280,220,nan
0,280,230,nan
0,280,240,nan
0,280,250,nan
0,290,0,nan
0,290,10,nan
0,290,20,nan
0,290,30,0
0,290,40,0.00233174
0,290,50,0.00323968
0,290,60,0
0,290,70,0
0,290,80,0.0234667
0,290,90,0.036362
0,290,100,0.0420375
0,290,110,0.0406056
0,290,120,0.0224209
0,290,130,0.0225531
0,290,140,0.0174055
0,290,150,0.00342071
0,290,160,0
0,290,170,0
0,290,180,0
0,290,190,0
0,290,200,nan
0,290,210,nan
0,290,220,nan
0,290,230,nan
0,290,240,nan
0,290,250,nan
0,300,0,nan
0,300,10,nan
0,300,20,nan
0,300,30,nan
0,300,40,0
0,300,50,0
0,300,60,0
0,300,70,0
0,300,80,0.0253142
0,300,90,0.0400091
0,300,100,0.0489174
0,300,110,0.0451159
0,300,120,0.0159597
0,300,130,0.0332865
0,300,140,0.0319504
0,300,150,0.015847
0,300,160,0.00459347
0,300,170,0
0,300,180,0
0,300,190,0
0,300,200,nan
0,300,210,nan
0,300,220,nan
0,300,230,nan
0,300,240,nan
0,300,250,nan
0,310,0,nan
0,310,10,nan
0,310,20,nan
0,310,30,nan
0,310,40,0
0,310,50,0
0,310,60,0
0,310,70,0
0,310,80,0.0265183
0,310,90,0.0419334
0,310,100,0.0531234
0,310,110,0.052561
0,310,120,0.0115004
0,310,130,0.0427037
0,310,140,0.0525307
0,310,150,0.0316875
0,310,160,0.0153324
0,310,170,0
0,310,180,0
0,310,190,0
0,310,200,nan
0,310,210,nan
0,310,220,nan
0,310,230,nan
0,310,240,nan
0,310,250,nan
0,320,0,nan
0,320,10,nan
0,320,20,nan
0,320,30,nan
0,320,40,0
0,320,50,0
0,320,60,0
0,320,70,0
0,320,80,0.0248778
0,320,90,0.0393434
0,320,100,0.0589862
0,320,110,0.0610926
0,320,120,0.0115004
0,320,130,0.0609
0,320,140,0.0582324
0,320,150,0.0411021
0,320,160,0.0301449
0,320,170,0
0,320,180,0
0,320,190,nan
0,320,200,nan
0,320,210,nan
0,320,220,nan
0,320,230,nan
0,320,240,nan
0,320,250,nan
0,330,0,nan
0,330,10,nan
0,330,20,nan
0,330,30,nan
0,330,40,nan
0,330,50,0
0,330,60,0
0,330,70,0
0,330,80,0.00405269
0,330,90,0.0222915
0,330,100,0.0362145
0,330,110,0.036834
0,330,120,0.0108771
0,330,130,0.0533692
0,330,140,0.0500448
0,330,150,0.0419441
0,330,160,0.0145336
0,330,170,0
0,330,180,0
0,330,190,nan
0,330,200,nan
0,330,210,nan
0,330,220,nan
0,330,230,nan
0,330,240,nan
0,330,250,nan
0,340,0,nan
0,340,10,nan
0,340,20,nan
0,340,30,nan
0,340,40,nan
0,340,50,0
0,340,60,0
0,340,70,0
0,340,80,0
0,340,90,0.00270881
0,340,100,0.00751141
0,340,110,0.0109001
0,340,120,0.00261934
0,340,130,0.0260951
0,340,140,0.0449591
0,340,150,0.0314449
0,340,160,0.00648901
0,340,170,0
0,340,180,0
0,340,190,nan
0,340,200,nan
0,340,210,nan
0,340,220,nan
0,340,230,nan
0,340,240,nan
0,340,250,nan
0,350,0,nan
0,350,10,nan
0,350,20,nan
0,350,30,nan
0,350,40,nan
0,350,50,0
0,350,60,0
0,350,70,0
0,350,80,0
0,350,90,0
0,350,100,0
0,350,110,nan
0,350,120,0
0,350,130,0.0182084
0,350,140,0.114728
0,350,150,0.112819
0,350,160,0.109522
0,350,170,0.0290366
0,350,180,0
0,350,190,nan
0,350,200,nan
0,350,210,nan
0,350,220,nan
0,350,230,nan
0,350,240,nan
0,350,250,nan
0,360,0,nan
0,360,10,nan
0,360,20,nan
0,360,30,nan
0,360,40,nan
0,360,50,nan
0,360,60,0
0,360,70,0
0,360,80,0
0,360,90,0
0,360,100,0
0,360,110,nan
0,360,120,0
0,360,130,0.103124
0,360,140,0.16123
0,360,150,0.206827
0,360,160,0.16273
0,360,170,0.101809
0,360,180,0.00825482
0,360,190,nan
0,360,200,nan
0,360,210,nan
0,360,220,nan
0,360,230,nan
0,360,240,nan
0,360,250,nan
0,370,0,nan
0,370,10,nan
0,370,20,nan
0,370,30,nan
0,370,40,nan
0,370,50,nan
0,370,60,0
0,370,70,0
0,370,80,0
0,370,90,0
0,370,100,nan
0,370,110,nan
0,370,120,0
0,370,130,0.138722
0,370,140,0.166941
0,370,150,0.217151
0,370,160,0.171151
0,370,170,0.105165
0,370,180,0.0135035
0,370,190,nan
0,370,200,nan
0,370,210,nan
0,370,220,nan
0,370,230,nan
0,370,240,nan
0,370,250,nan
0,380,0,nan
0,380,10,nan
0,380,20,nan
0,380,30,nan
0,380,40,nan
0,380,50,nan
0,380,60,nan
0,380,70,0
0,380,80,0
0,380,90,nan
0,380,100,nan
0,380,110,nan
0,380,120,0
0,380,130,0.036481
0,380,140,0.151421
0,380,150,0.169719
0,380,160,0.169719
0,380,170,0.0965013
0,380,180,0.00688691
0,380,190,nan
0,380,200,nan
0,380,210,nan
0,380,220,nan
0,380,230,nan
0,380,240,nan
0,380,250,nan
0,390,0,nan
0,390,10,nan
0,390,20,nan
0,390,30,nan
0,390,40,nan
0,390,50,nan
0,390,60,nan
0,390,70,nan
0,390,80,nan
0,390,90,nan
0,390,100,nan
0,390,110,nan
0,390,120,nan
0,390,130,0.0036308
0,390,140,0.0450974
0,390,150,0.0458322
0,390,160,0.097236
0,390,170,0.02272
0,390,180,0
0,390,190,nan
0,390,200,nan
0,390,210,nan
0,390,220,nan
0,390,230,nan
0,390,240,nan
0,390,250,nan
0,400,0,nan
0,400,10,nan
0,400,20,nan
0,400,30,nan
0,400,40,nan
0,400,50,nan
0,400,60,nan
0,400,70,nan
0,400,80,nan
0,400,90,nan
0,400,100,nan
0,400,110,nan
0,400,120,nan
0,400,130,nan
0,400,140,0.00173055
0,400,150,0.00521591
0,400,160,0.00179719
0,400,170,0
0,400,180,0
0,400,190,nan
0,400,200,nan
0,400,210,nan
0,400,220,nan
0,400,230,nan
0,400,240,nan
0,400,250,nan
0,410,0,nan
0,410,10,nan
0,410,20,nan
0,410,30,nan
0,410,40,nan
0,410,50,nan
0,410,60,nan
0,410,70,nan
0,410,80,nan
0,410,90,nan
0,410,100,nan
0,410,110,nan
0,410,120,nan
0,410,130,nan
0,410,140,0
0,410,150,0
0,410,160,0
0,410,170,0
0,410,180,nan
0,410,190,nan
0,410,200,nan
0,410,210,nan
0,410,220,nan
0,410,230,nan
0,410,240,nan
0,410,250,nan
0,420,0,nan
0,420,10,nan
0,420,20,nan
0,420,30,nan
0,420,40,nan
0,420,50,nan
0,420,60,nan
0,420,70,nan
0,420,80,nan
0,420,90,nan
0,420,100,nan
0,420,110,nan
0,420,120,nan
0,420,130,nan
0,420,140,0
0,420,150,0
0,420,160,0
0,420,170,0
0,420,180,nan
0,420,190,nan
0,420,200,nan
0,420,210,nan
0,420,220,nan
0,420,230,nan
0,420,240,nan
0,420,250,nan
0,430,0,nan
0,430,10,nan
0,430,20,nan
0,430,30,nan
0,430,40,nan
0,430,50,nan
0,430,60,nan
0,430,70,nan
0,430,80,nan
0,430,90,nan
0,430,100,nan
0,430,110,nan
0,430,120,0
0,430,130,0
0,430,140,0.000465831
0,430,150,0
0,430,160,0
0,430,170,0
0,430,180,nan
0,430,190,nan
0,430,200,nan
0,430,210,nan
0,430,220,nan
0,430,230,nan
0,430,240,nan
0,430,250,nan
0,440,0,nan
0,440,10,nan
0,440,20,nan
0,440,30,nan
0,440,40,nan
0,440,50,nan
0,440,60,nan
0,440,70,nan
0,440,80,nan
0,440,90,nan
0,440,100,0
0,440,110,0
0,440,120,0
0,440,130,0
0,440,140,0.00425801
0,440,150,0.00271689
0,440,160,0.00092267
0,440,170,0
0,440,180,nan
0,440,190,nan
0,440,200,nan
0,440,210,nan
0,440,220,nan
0,440,230,nan
0,440,240,nan
0,440,250,nan
0,450,0,nan
0,450,10,nan
0,450,20,nan
0,450,30,nan
0,450,40,nan
0,450,50,nan
0,450,60,0
0,450,70,0
0,450,80,0
0,450,90,nan
0,450,100,0
0,450,110,0
0,450,120,0
0,450,130,0
0,450,140,0.0107735
0,450,150,0.0133061
0,450,160,0.0041961
0,450,170,0
0,450,180,nan
0,450,190,nan
0,450,200,nan
0,450,210,nan
0,450,220,nan
0,450,230,nan
0,450,240,nan
0,450,250,nan
0,460,0,nan
0,460,10,nan
0,460,20,nan
0,460,30,nan
0,460,40,nan
0,460,50,0
0,460,60,0
0,460,70,0
0,460,80,0
0,460,90,8.01087e-06
0,460,100,0
0,460,110,0
0,460,120,0
0,460,130,0
0,460,140,0.00938924
0,460,150,0.0193655
0,460,160,0.011644
0,460,170,0.00065963
0,460,180,nan
0,460,190,nan
0,460,200,nan
0,460,210,nan
0,460,220,nan
0,460,230,nan
0,460,240,nan
0,460,250,nan
0,470,0,nan
0,470,10,nan
0,470,20,nan
0,470,30,nan
0,470,40,nan
0,470,50,0
0,470,60,0
0,470,70,0
0,470,80,0
0,470,90,8.01087e-06
0,470,100,0
0,470,110,0
0,470,120,0
0,470,130,0
0,470,140,0.0128984
0,470,150,0.0262333
0,470,160,0.0169409
0,470,170,0
0,470,180,nan
0,470,190,nan
0,470,200,nan
0,470,210,nan
0,470,220,nan
0,470,230,nan
0,470,240,nan
0,470,250,nan
0,480,0,nan
0,480,10,nan
0,480,20,nan
0,480,30,nan
0,480,40,nan
0,480,50,0
0,480,60,0
0,480,70,0
0,480,80,0
0,480,90,2.62403e-06
0,480,100,0
0,480,110,0
0,480,120,0
0,480,130,0
0,480,140,0
0,480,150,0.0234736
0,480,160,0.00791419
0,480,170,nan
0,480,180,nan
0,480,190,nan
0,480,200,nan
0,480,210,nan
0,480,220,nan
0,480,230,nan
0,480,240,nan
0,480,250,nan
0,490,0,nan
0,490,10,nan
0,490,20,nan
0,490,30,nan
0,490,40,nan
0,490,50,0
0,490,60,0
0,490,70,0
0,490,80,0
0,490,90,nan
0,490,100,0
0,490,110,0
0,490,120,0
0,490,130,0
0,490,140,0
0,490,150,0.00618102
0,490,160,0.00163236
0,490,170,0
0,490,180,0
0,490,190,0
0,490,200,nan
0,490,210,nan
0,490,220,nan
0,490,230,nan
0,490,240,nan
0,490,250,nan
0,500,0,nan
0,500,10,nan
0,500,20,nan
0,500,30,nan
0,500,40,nan
0,500,50,nan
0,500,60,nan
0,500,70,nan
0,500,80,nan
0,500,90,nan
0,500,100,nan
0,500,110,0
0,500,120,0
0,500,130,0
0,500,140,0.000190162
0,500,150,0.00244044
0,500,160,0.000251644
0,500,170,0
0,500,180,0
0,500,190,0
0,500,200,0
0,500,210,nan
0,500,220,nan
0,500,230,nan
0,500,240,nan
0,500,250,nan
0,510,0,nan
0,510,10,nan
0,510,20,nan
0,510,30,nan
0,510,40,nan
0,510,50,nan
0,510,60,nan
0,510,70,nan
0,510,80,nan
0,510,90,nan
0,510,100,nan
0,510,110,nan
0,510,120,nan
0,510,130,0
0,510,140,0
0,510,150,0.000486594
0,510,160,0.000486594
0,510,170,0
0,510,180,0
0,510,190,0
0,510,200,0
0,510,210,0
0,510,220,nan
0,510,230,nan
0,510,240,nan
0,510,250,nan
0,520,0,nan
0,520,10,nan
0,520,20,nan
0,520,30,nan
0,520,40,nan
0,520,50,nan
0,520,60,nan
0,520,70,nan
0,520,80,nan
0,520,90,nan
0,520,100,nan
0,520,110,nan
0,520,120,nan
0,520,130,0
0,520,140,0
0,520,150,0
0,520,160,0
0,520,170,0
0,520,180,0
0,520,190,0
0,520,200,0
0,520,210,0
0,520,220,nan
0,520,230,nan
0,520,240,nan
0,520,250,nan
0,530,0,nan
0,530,10,nan
0,530,20,nan
0,530,30,nan
0,530,40,nan
0,530,50,nan
0,530,60,nan
0,530,70,nan
0,530,80,nan
0,530,90,nan
0,530,100,nan
0,530,110,nan
0,530,120,nan
0,530,130,0
0,530,140,0
0,530,150,0
0,530,160,0
0,530,170,0
0,530,180,0
0,530,190,0
0,530,200,0
0,530,210,0
0,530,220,nan
0,530,230,nan
0,530,240,nan
0,530,250,nan
0,540,0,nan
0,540,10,nan
0,540,20,nan
0,540,30,nan
0,540,40,nan
0,540,50,nan
0,540,60,nan
0,540,70,nan
0,540,80,nan
0,540,90,nan
0,540,100,nan
0,540,110,nan
0,540,120,nan
0,540,130,0
0,540,140,0
0,540,150,0
0,540,160,0
0,540,170,0
0,540,180,0
0,540,190,0
0,540,200,0
0,540,210,0
0,540,220,nan
0,540,230,nan
0,540,240,nan
0,540,250,nan
0,550,0,nan
0,550,10,nan
0,550,20,nan
0,550,30,nan
0,550,40,nan
0,550,50,nan
0,550,60,nan
0,550,70,nan
0,550,80,nan
0,550,90,nan
0,550,100,nan
0,550,110,nan
0,550,120,nan
0,550,130,0
0,550,140,0
0,550,150,0
0,550,160,0
0,550,170,0
0,550,180,0
0,550,190,0
0,550,200,0
0,550,210,0
0,550,220,nan
0,550,230,nan
0,550,240,nan
0,550,250,nan
0,560,0,nan
0,560,10,nan
0,560,20,nan
0,560,30,nan
0,560,40,nan
0,560,50,nan
0,560,60,nan
0,560,70,nan
0,560,80,nan
0,560,90,nan
0,560,100,nan
0,560,110,nan
0,560,120,nan
0,560,130,0
0,560,140,0
0,560,150,0
0,560,160,0
0,560,170,0
0,560,180,0.000131462
0,560,190,0.000378904
0,560,200,0
0,560,210,0
0,560,220,nan
0,560,230,nan
0,560,240,nan
0,560,250,nan
0,570,0,nan
0,570,10,nan
0,570,20,nan
0,570,30,nan
0,570,40,nan
0,570,50,nan
0,570,60,nan
0,570,70,nan
0,570,80,nan
0,570,90,nan
0,570,100,nan
0,570,110,nan
0,570,120,nan
0,570,130,0
0,570,140,0
0,570,150,0
0,570,160,0
0,570,170,0.00241822
0,570,180,0.00241822
0,570,190,0.00241822
0,570,200,0.00183515
0,570,210,0
0,570,220,nan
0,570,230,nan
0,570,240,nan
0,570,250,nan
0,580,0,nan
0,580,10,nan
0,580,20,nan
0,580,30,nan
0,580,40,nan
0,580,50,nan
0,580,60,nan
0,580,70,nan
0,580,80,nan
0,580,90,nan
0,580,100,nan
0,580,110,nan
0,580,120,nan
0,580,130,0
0,580,140,0
0,580,150,0
0,580,160,0
0,580,170,0.00277111
0,580,180,0.00277111
0,580,190,0.00240983
0,580,200,0.00238251
0,580,210,0.000637493
0,580,220,nan
0,580,230,nan
0,580,240,nan
0,580,250,nan
0,590,0,nan
0,590,10,nan
0,590,20,nan
0,590,30,nan
0,590,40,nan
0,590,50,nan
0,590,60,nan
0,590,70,nan
0,590,80,nan
0,590,90,nan
0,590,100,nan
0,590,110,nan
0,590,120,nan
0,590,130,0
0,590,140,0
0,590,150,0
0,590,160,0.00130002
0,590,170,0.00292339
0,590,180,0.00292339
0,590,190,0.00270689
0,590,200,0.00265839
0,590,210,0.00147962
0,590,220,nan
0,590,230,nan
0,590,240,nan
0,590,250,nan
0,600,0,nan
0,600,10,nan
0,600,20,nan
0,600,30,nan
0,600,40,nan
0,600,50,nan
0,600,60,nan
0,600,70,nan
0,600,80,nan
0,600,90,nan
0,600,100,nan
0,600,110,nan
0,600,120,nan
0,600,130,nan
0,600,140,0
0,600,150,0
0,600,160,0.00192596
0,600,170,0.00889006
0,600,180,0.014459
0,600,190,0.00862177
0,600,200,0.00407216
0,600,210,0
0,600,220,nan
0,600,230,nan
0,600,240,nan
0,600,250,nan
0,610,0,nan
0,610,10,nan
0,610,20,nan
0,610,30,nan
0,610,40,nan
0,610,50,nan
0,610,60,nan
0,610,70,nan
0,610,80,nan
0,610,90,nan
0,610,100,nan
0,610,110,nan
0,610,120,nan
0,610,130,nan
0,610,140,0
0,610,150,0.00189477
0,610,160,0.0109756
0,610,170,0.0329254
0,610,180,0.0348016
0,610,190,0.0195732
0,610,200,0.00595244
0,610,210,0
0,610,220,nan
0,610,230,nan
0,610,240,nan
0,610,250,nan
0,620,0,nan
0,620,10,nan
0,620,20,nan
0,620,30,nan
0,620,40,nan
0,620,50,nan
0,620,60,nan
0,620,70,nan
0,620,80,nan
0,620,90,nan
0,620,100,nan
0,620,110,nan
0,620,120,nan
0,620,130,nan
0,620,140,0
0,620,150,0.0182938
0,620,160,0.0318568
0,620,170,0.0456594
0,620,180,0.0456594
0,620,190,0.0452257
0,620,200,0.0158107
0,620,210,0
0,620,220,0
0,620,230,nan
0,620,240,nan
0,620,250,nan
0,630,0,nan
0,630,10,nan
0,630,20,nan
0,630,30,nan
0,630,40,nan
0,630,50,nan
0,630,60,nan
0,630,70,nan
0,630,80,nan
0,630,90,nan
0,630,100,nan
0,630,110,nan
0,630,120,nan
0,630,130,nan
0,630,140,nan
0,630,150,0.0177616
0,630,160,0.0755372
0,630,170,0.0755372
0,630,180,0.0755372
0,630,190,0.0445247
0,630,200,0.017017
0,630,210,0
0,630,220,0
0,630,230,nan
0,630,240,nan
0,630,250,nan
0,640,0,nan
0,640,10,nan
0,640,20,nan
0,640,30,nan
0,640,40,nan
0,640,50,nan
0,640,60,nan
0,640,70,nan
0,640,80,nan
0,640,90,nan
0,640,100,nan
0,640,110,nan
0,640,120,nan
0,640,130,nan
0,640,140,0
0,640,150,0.0394464
0,640,160,0.0907861
0,640,170,0.146469
0,640,180,0.145399
0,640,190,0.101731
0,640,200,0.000364376
0,640,210,0
0,640,220,0
0,640,230,nan
0,640,240,nan
0,640,250,nan
0,650,0,nan
0,650,10,nan
0,650,20,nan
0,650,30,nan
0,650,40,nan
0,650,50,nan
0,650,60,nan
0,650,70,nan
0,650,80,nan
0,650,90,nan
0,650,100,nan
0,650,110,nan
0,650,120,nan
0,650,130,0
0,650,140,0
0,650,150,0.00141777
0,650,160,0.090539
0,650,170,0.150173
0,650,180,0.150173
0,650,190,0.0931877
0,650,200,0.00336791
0,650,210,0
0,650,220,0
0,650,230,nan
0,650,240,nan
0,650,250,nan
0,660,0,nan
0,660,10,nan
0,660,20,nan
0,660,30,nan
0,660,40,nan
0,660,50,nan
0,660,60,nan
0,660,70,nan
0,660,80,nan
0,660,90,nan
0,660,100,nan
0,660,110,nan
0,660,120,nan
0,660,130,0
0,660,140,0
0,660,150,0
0,660,160,0.0224673
0,660,170,0.0827089
0,660,180,0.116592
0,660,190,0.0209467
0,660,200,0.0117311
0,660,210,0.000432262
0,660,220,nan
0,660,230,nan
0,660,240,nan
0,660,250,nan
0,670,0,nan
0,670,10,nan
0,670,20,nan
0,670,30,nan
0,670,40,nan
0,670,50,nan
0,670,60,nan
0,670,70,nan
0,670,80,nan
0,670,90,nan
0,670,100,nan
0,670,110,nan
0,670,120,0
0,670,130,0
0,670,140,0
0,670,150,0.00472399
0,670,160,0.021724
0,670,170,0.0236505
0,670,180,0.025016
0,670,190,0.0238023
0,670,200,0.0169574
0,670,210,0.00406545
0,670,220,nan
0,670,230,nan
0,670,240,nan
0,670,250,nan
0,680,0,nan
0,680,10,nan
0,680,20,nan
0,680,30,nan
0,680,40,nan
0,680,50,nan
0,680,60,nan
0,680,70,nan
0,680,80,nan
0,680,90,nan
0,680,100,nan
0,680,110,nan
0,680,120,0
0,680,130,0
0,680,140,0
0,680,150,0.0133195
0,680,160,0.0229076
0,680,170,0.0317892
0,680,180,0.0310323
0,680,190,0.0299344
0,680,200,0.0206852
0,680,210,0.00561284
0,680,220,nan
0,680,230,nan
0,680,240,nan
0,680,250,nan
0,690,0,nan
0,690,10,nan
0,690,20,nan
0,690,30,nan
0,690,40,nan
0,690,50,nan
0,690,60,nan
0,690,70,nan
0,690,80,nan
0,690,90,nan
0,690,100,nan
0,690,110,nan
0,690,120,0
0,690,130,0
0,690,140,0
0,690,150,0.00502991
0,690,160,0.0234585
0,690,170,0.0234585
0,690,180,0.0323111
0,690,190,0.0229076
0,690,200,0.021724
0,690,210,0
0,690,220,nan
0,690,230,nan
0,690,240,nan
0,690,250,nan
0,700,0,nan
0,700,10,nan
0,700,20,nan
0,700,30,nan
0,700,40,nan
0,700,50,nan
0,700,60,nan
0,700,70,nan
0,700,80,nan
0,700,90,nan
0,700,100,nan
0,700,110,nan
0,700,120,0
0,700,130,0
0,700,140,0
0,700,150,0
0,700,160,0.0137456
0,700,170,0.0237378
0,700,180,0.0236954
0,700,190,0.0234585
0,700,200,0.011225
0,700,210,nan
0,700,220,nan
0,700,230,nan
0,700,240,nan
0,700,250,nan
0,710,0,nan
0,710,10,nan
0,710,20,nan
0,710,30,nan
0,710,40,nan
0,710,50,nan
0,710,60,nan
0,710,70,nan
0,710,80,nan
0,710,90,nan
0,710,100,nan
0,710,110,nan
0,710,120,0
0,710,130,0
0,710,140,0
0,710,150,0
0,710,160,0
0,710,170,0.00507813
0,710,180,0.00507813
0,710,190,0.00426598
0,710,200,0
0,710,210,nan
0,710,220,nan
0,710,230,nan
0,710,240,nan
0,710,250,nan
0,720,0,nan
0,720,10,nan
0,720,20,nan
0,720,30,nan
0,720,40,nan
0,720,50,nan
0,720,60,nan
0,720,70,nan
0,720,80,nan
0,720,90,nan
0,720,100,nan
0,720,110,nan
0,720,120,0
0,720,130,0
0,720,140,0
0,720,150,0
0,720,160,0
0,720,170,0
0,720,180,0
0,720,190,0
0,720,200,0
0,720,210,nan
0,720,220,nan
0,720,230,nan
0,720,240,nan
0,720,250,nan
0,730,0,nan
0,730,10,nan
0,730,20,0
0,730,30,0
0,730,40,0
0,730,50,0
0,730,60,0
0,730,70,nan
0,730,80,nan
0,730,90,nan
0,730,100,nan
0,730,110,0
0,730,120,0
0,730,130,0
0,730,140,0
0,730,150,0
0,730,160,0
0,730,170,0
0,730,180,0
0,730,190,0
0,730,200,0
0,730,210,nan
0,730,220,nan
0,730,230,nan
0,730,240,nan
0,730,250,nan
0,740,0,nan
0,740,10,nan
0,740,20,0.00390042
0,740,30,0.0213907
0,740,40,0.0489139
0,740,50,0.0263794
0,740,60,0.00522684
0,740,70,0
0,740,80,nan
0,740,90,nan
0,740,100,nan
0,740,110,0
0,740,120,0
0,740,130,0
0,740,140,0
0,740,150,0
0,740,160,0
0,740,170,0
0,740,180,0
0,740,190,0
0,740,200,0
0,740,210,nan
0,740,220,nan
0,740,230,nan
0,740,240,nan
0,740,250,nan
0,750,0,nan
0,750,10,0.00868864
0,750,20,0.073824
0,750,30,0.139054
0,750,40,0.139839
0,750,50,0.139839
0,750,60,0.139054
0,750,70,0.00422516
0,750,80,0
0,750,90,nan
0,750,100,nan
0,750,110,0
0,750,120,0
0,750,130,0
0,750,140,0
0,750,150,0
0,750,160,0
0,750,170,0
0,750,180,0
0,750,190,0
0,750,200,0
0,750,210,nan
0,750,220,nan
0,750,230,nan
0,750,240,nan
0,750,250,nan
0,760,0,0
0,760,10,0.0727593
0,760,20,0.190536
0,760,30,0.192047
0,760,40,0.192047
0,760,50,0.192047
0,760,60,0.190536
0,760,70,0.136301
0,760,80,0
0,760,90,nan
0,760,100,nan
0,760,110,nan
0,760,120,0
0,760,130,0
0,760,140,0
0,760,150,0
0,760,160,0
0,760,170,0
0,760,180,0
0,760,190,0
0,760,200,0
0,760,210,nan
0,760,220,nan
0,760,230,nan
0,760,240,nan
0,760,250,nan
0,770,0,0
0,770,10,0.133795
0,770,20,0.214753
0,770,30,0.217435
0,770,40,0.217435
0,770,50,0.217435
0,770,60,0.214753
0,770,70,0.185009
0,770,80,0
0,770,90,0
0,770,100,nan
0,770,110,nan
0,770,120,0
0,770,130,0
0,770,140,0
0,770,150,0
0,770,160,0
0,770,170,0
0,770,180,0
0,770,190,0
0,770,200,nan
0,770,210,nan
0,770,220,nan
0,770,230,nan
0,770,240,nan
0,770,250,nan
0,780,0,0
0,780,10,0.179764
0,780,20,0.210751
0,780,30,0.227014
0,780,40,0.227014
0,780,50,0.227014
0,780,60,0.210751
0,780,70,0.194641
0,780,80,0
0,780,90,0
0,780,100,nan
0,780,110,nan
0,780,120,nan
0,780,130,0
0,780,140,0
0,780,150,0
0,780,160,0
0,780,170,0
0,780,180,0
0,780,190,nan
0,780,200,nan
0,780,210,nan
0,780,220,nan
0,780,230,nan
0,780,240,nan
0,780,250,nan
0,790,0,0
0,790,10,0.194641
0,790,20,0.215647
0,790,30,0.222514
0,790,40,0.222514
0,790,50,0.222514
0,790,60,0.219197
0,790,70,0.181461
0,790,80,0.000287182
0,790,90,nan
0,790,100,nan
0,790,110,nan
0,790,120,0
0,790,130,0
0,790,140,0
0,790,150,4.62872e-06
0,790,160,4.62872e-06
0,790,170,nan
0,790,180,nan
0,790,190,nan
0,790,200,nan
0,790,210,nan
0,790,220,nan
0,790,230,nan
0,790,240,nan
0,790,250,nan
0,800,0,0
0,800,10,0.178834
0,800,20,0.204869
0,800,30,0.209664
0,800,40,0.214117
0,800,50,0.226919
0,800,60,0.201271
0,800,70,0.0957498
0,800,80,0.00231465
0,800,90,0
0,800,100,nan
0,800,110,0
0,800,120,0
0,800,130,0
0,800,140,0
0,800,150,0
0,800,160,0
0,800,170,0
0,800,180,nan
0,800,190,nan
0,800,200,nan
0,800,210,nan
0,800,220,nan
0,800,230,nan
0,800,240,nan
0,800,250,nan
0,810,0,0
0,810,10,0
0,810,20,0.162502
0,810,30,0.19209
0,810,40,0.217144
0,810,50,0.184195
0,810,60,0.149699
0,810,70,0.0201171
0,810,80,0
0,810,90,0
0,810,100,0
0,810,110,0
0,810,120,0
0,810,130,0
0,810,140,0
0,810,150,0
0,810,160,0
0,810,170,0
0,810,180,0
0,810,190,0
0,810,200,0
0,810,210,0
0,810,220,nan
0,810,230,nan
0,810,240,nan
0,810,250,nan
0,820,0,nan
0,820,10,0
0,820,20,0
0,820,30,0.0989049
0,820,40,0.114899
0,820,50,0.114899
0,820,60,0.0192696
0,820,70,0
0,820,80,0
0,820,90,0
0,820,100,0
0,820,110,0
0,820,120,0.00136502
0,820,130,0.00867942
0,820,140,0.00867942
0,820,150,0.00312339
0,820,160,0
0,820,170,0
0,820,180,0.000134837
0,820,190,0
0,820,200,0
0,820,210,0
0,820,220,0
0,820,230,0
0,820,240,nan
0,820,250,nan
0,830,0,nan
0,830,10,nan
0,830,20,0
0,830,30,0.000334801
0,830,40,0.000371642
0,830,50,0
0,830,60,0
0,830,70,0
0,830,80,0
0,830,90,0
0,830,100,0
0,830,110,0.00373012
0,830,120,0.0151317
0,830,130,0.033562
0,830,140,0.033562
0,830,150,0.033562
0,830,160,0.00614095
0,830,170,0.000982334
0,830,180,0.000529902
0,830,190,0
0,830,200,0
0,830,210,0
0,830,220,0
0,830,230,0
0,830,240,0
0,830,250,nan
0,840,0,nan
0,840,10,0
0,840,20,0
0,840,30,0
0,840,40,0
0,840,50,0
0,840,60,0
0,840,70,0
0,840,80,0
0,840,90,0
0,840,100,0.000415011
0,840,110,0.00646219
0,840,120,0.0475785
0,840,130,0.0818785
0,840,140,0.0818785
0,840,150,0.0528124
0,840,160,0.0262452
0,840,170,0.00254565
0,840,180,0
0,840,190,0
0,840,200,0
0,840,210,0
0,840,220,0
0,840,230,0
0,840,240,0
0,840,250,nan
0,850,0,nan
0,850,10,0
0,850,20,0
0,850,30,0
0,850,40,0
0,850,50,0
0,850,60,0
0,850,70,0
0,850,80,0
0,850,90,0
0,850,100,0.000797085
0,850,110,0
0,850,120,0.0818785
0,850,130,0.135783
0,850,140,0.101089
0,850,150,0.101089
0,850,160,0.0528124
0,850,170,0.00372362
0,850,180,0
0,850,190,0
0,850,200,0
0,850,210,0
0,850,220,0
0,850,230,0
0,850,240,0
0,850,250,nan
0,860,0,0
0,860,10,0
0,860,20,0
0,860,30,0
0,860,40,0
0,860,50,0
0,860,60,0
0,860,70,0
0,860,80,0
0,860,90,0
0,860,100,0
0,860,110,0
0,860,120,0.0777495
0,860,130,0.13554
0,860,140,0.152615
0,860,150,0.102154
0,860,160,0.0620082
0,860,170,0.00103063
0,860,180,0
0,860,190,0
0,860,200,0
0,860,210,0
0,860,220,0
0,860,230,0
0,860,240,0
0,860,250,nan
0,870,0,0
0,870,10,0.000125235
0,870,20,0.000438176
0,870,30,0.00047796
0,870,40,0.000175331
0,870,50,0
0,870,60,0
0,870,70,0
0,870,80,0
0,870,90,0
0,870,100,nan
0,870,110,0
0,870,120,0.000256299
0,870,130,0.130994
0,870,140,0.105089
0,870,150,0.105089
0,870,160,0.0233375
0,870,170,0.000335879
0,870,180,0
0,870,190,0
0,870,200,0
0,870,210,0
0,870,220,0
0,870,230,0
0,870,240,nan
0,870,250,nan
0,880,0,0.000110214
0,880,10,0.000613495
0,880,20,0.00102756
0,880,30,0.00112994
0,880,40,0.00119695
0,880,50,0.000853169
0,880,60,0.000172671
0,880,70,0
0,880,80,0
0,880,90,nan
0,880,100,nan
0,880,110,0
0,880,120,0.000425303
0,880,130,0.0216454
0,880,140,0.039142
0,880,150,0.0110234
0,880,160,0
0,880,170,0
0,880,180,0.00017954
0,880,190,0
0,880,200,0
0,880,210,0
0,880,220,0
0,880,230,0
0,880,240,nan
0,880,250,nan
0,890,0,0
0,890,10,0.000622779
0,890,20,0.0013265
0,890,30,0.00154652
0,890,40,0.00498692
0,890,50,0.00498692
0,890,60,0.0055666
0,890,70,0.00274283
0,890,80,0.000187641
0,890,90,0
0,890,100,5.92486e-06
0,890,110,0
0,890,120,2.86444e-05
0,890,130,0
0,890,140,0
0,890,150,0.00389482
0,890,160,0
0,890,170,0
0,890,180,0
0,890,190,nan
0,890,200,0
0,890,210,0
0,890,220,nan
0,890,230,nan
0,890,240,nan
0,890,250,nan
0,900,0,0
0,900,10,0.000457603
0,900,20,0.000811998
0,900,30,0.00566217
0,900,40,0.0106236
0,900,50,0.0141255
0,900,60,0.015285
0,900,70,0.00613872
0,900,80,0.00267918
0,900,90,0.000581341
0,900,100,6.23103e-05
0,900,110,9.33147e-06
0,900,120,7.70308e-05
0,900,130,0.000151607
0,900,140,0.0060247
0,900,150,0.00639316
0,900,160,0.00639316
0,900,170,0.0012222
0,900,180,8.68933e-05
0,900,190,0
0,900,200,0
0,900,210,0
0,900,220,nan
0,900,230,nan
0,900,240,nan
0,900,250,nan
0,910,0,0
0,910,10,0
0,910,20,0.00187805
0,910,30,0.0116304
0,910,40,0.0182605
0,910,50,0.0289966
0,910,60,0.0206794
0,910,70,0.0146504
0,910,80,0.00562392
0,910,90,0.00357834
0,910,100,0.000108445
0,910,110,6.23103e-05
0,910,120,2.58663e-05
0,910,130,0.0031933
0,910,140,0.00359296
0,910,150,0.00365031
0,910,160,0.00365031
0,910,170,0.00643609
0,910,180,0.00253606
0,910,190,0
0,910,200,0
0,910,210,0
0,910,220,0
0,910,230,nan
0,910,240,nan
0,910,250,nan
0,920,0,0
0,920,10,0
0,920,20,0.00568176
0,920,30,0.018772
0,920,40,0.0283931
0,920,50,0.0455285
0,920,60,0.0407686
0,920,70,0.0146504
0,920,80,0.00893229
0,920,90,0.00405049
0,920,100,0.000730046
0,920,110,0.000108445
0,920,120,0.00062524
0,920,130,0.00196526
0,920,140,0.00218013
0,920,150,0.00086829
0,920,160,0.00028151
0,920,170,0.0231333
0,920,180,0.0168572
0,920,190,0
0,920,200,0
0,920,210,0
0,920,220,0
0,920,230,nan
0,920,240,nan
0,920,250,nan
0,930,0,0
0,930,10,0
0,930,20,0.00568176
0,930,30,0.0322046
0,930,40,0.0467613
0,930,50,0.0582768
0,930,60,0.0590709
0,930,70,0.0239298
0,930,80,0.0109785
0,930,90,0.00840691
0,930,100,0.00157104
0,930,110,0.00013554
0,930,120,0.00262068
0,930,130,0.00156662
0,930,140,0
0,930,150,0
0,930,160,0.00661982
0,930,170,0.0194067
0,930,180,0.0296182
0,930,190,0.00436813
0,930,200,0
0,930,210,0
0,930,220,0
0,930,230,nan
0,930,240,nan
0,930,250,nan
0,940,0,0
0,940,10,0
0,940,20,0.00166388
0,940,30,0.0366003
0,940,40,0.0503005
0,940,50,0.0652237
0,940,60,0.076747
0,940,70,0.0191973
0,940,80,0.0172539
0,940,90,0.00775553
0,940,100,0.00244791
0,940,110,0.000510442
0,940,120,0.00743145
0,940,130,0.00533008
0,940,140,0.00162633
0,940,150,0
0,940,160,0
0,940,170,0.0296182
0,940,180,0.0329131
0,940,190,0.0165634
0,940,200,0
0,940,210,0
0,940,220,0
0,940,230,nan
0,940,240,nan
0,940,250,nan
0,950,0,0
0,950,10,0
0,950,20,0.00907298
0,950,30,0.0253113
0,950,40,0.0414628
0,950,50,0.0628445
0,950,60,0.0698732
0,950,70,0.0217505
0,950,80,0.0164779
0,950,90,0.0201843
0,950,100,0.0189802
0,950,110,0.00512695
0,950,120,0.00996086
0,950,130,0.0116612
0,950,140,0.00772923
0,950,150,0
0,950,160,0
0,950,170,0.0233942
0,950,180,0.0243186
0,950,190,0.0165634
0,950,200,0
0,950,210,0
0,950,220,0
0,950,230,nan
0,950,240,nan
0,950,250,nan
0,960,0,0
0,960,10,0
0,960,20,0.00859798
0,960,30,0.0131575
0,960,40,0.0273368
0,960,50,0.0328226
0,960,60,0.0169369
0,960,70,0.0172396
0,960,80,0.0322071
0,960,90,0.0227089
0,960,100,0.0249473
0,960,110,0.0267338
0,960,120,0.0105588
0,960,130,0.00996086
0,960,140,0.00661956
0,960,150,0.00146229
0,960,160,0
0,960,170,0
0,960,180,0.0161127
0,960,190,0.00716492
0,960,200,0
0,960,210,nan
0,960,220,nan
0,960,230,nan
0,960,240,nan
0,960,250,nan
0,970,0,nan
0,970,10,0
0,970,20,0.00698491
0,970,30,0.010654
0,970,40,0.012145
0,970,50,0.00968716
0,970,60,0.00364513
0,970,70,0.00796622
0,970,80,0.0215845
0,970,90,0.0300551
0,970,100,0.0249473
0,970,110,0.021789
0,970,120,0.0237571
0,970,130,0.0105588
0,970,140,0.00996086
0,970,150,0.0035786
0,970,160,0
0,970,170,0
0,970,180,0
0,970,190,0
0,970,200,nan
0,970,210,nan
0,970,220,nan
0,970,230,nan
0,970,240,nan
0,970,250,nan
0,980,0,nan
0,980,10,0
0,980,20,1.34313e-06
0,980,30,0.00184607
0,980,40,0.00108852
0,980,50,0.00116522
0,980,60,0.00265419
0,980,70,0.00521467
0,980,80,0.0199945
0,980,90,0.0254629
0,980,100,0.0249473
0,980,110,0.0252472
0,980,120,0.0128914
0,980,130,0.00770857
0,980,140,0.00583805
0,980,150,0.00101235
0,980,160,0
0,980,170,0
0,980,180,0
0,980,190,0
0,980,200,nan
0,980,210,nan
0,980,220,nan
0,980,230,nan
0,980,240,nan
0,980,250,nan
0,990,0,nan
0,990,10,0
0,990,20,0
0,990,30,0
0,990,40,5.21582e-05
0,990,50,5.21582e-05
0,990,60,0.00110195
0,990,70,0.000974194
0,990,80,0.00790476
0,990,90,0.0180839
0,990,100,0.0180184
0,990,110,0.0159
0,990,120,0
0,990,130,0.00196688
0,990,140,0.00251092
0,990,150,0
0,990,160,0
0,990,170,0
0,990,180,0
0,990,190,nan
0,990,200,nan
0,990,210,nan
0,990,220,nan
0,990,230,nan
0,990,240,nan
0,990,250,nan
0,1000,0,nan
0,1000,10,0
0,1000,20,0
0,1000,30,1.54613e-09
0,1000,40,1.54613e-09
0,1000,50,9.23301e-08
0,1000,60,9.23301e-08
0,1000,70,9.23301e-08
0,1000,80,1.04667e-05
0,1000,90,5.65745e-05
0,1000,100,0.00018224
0,1000,110,0
0,1000,120,0
0,1000,130,0
0,1000,140,0
0,1000,150,0
0,1000,160,0
0,1000,170,nan
0,1000,180,nan
0,1000,190,nan
0,1000,200,nan
0,1000,210,nan
0,1000,220,nan
0,1000,230,nan
0,1000,240,nan
0,1000,250,nan
0,1010,0,nan
0,1010,10,0
0,1010,20,1.54613e-09
0,1010,30,1.54613e-09
0,1010,40,9.23301e-08
0,1010,50,9.23301e-08
0,1010,60,9.23301e-08
0,1010,70,9.23301e-08
0,1010,80,9.23301e-08
0,1010,90,9.02393e-08
0,1010,100,7.80105e-08
0,1010,110,nan
0,1010,120,nan
0,1010,130,nan
0,1010,140,nan
0,1010,150,nan
0,1010,160,nan
0,1010,170,nan
0,1010,180,nan
0,1010,190,nan
0,1010,200,nan
0,1010,210,nan
0,1010,220,nan
0,1010,230,nan
0,1010,240,nan
0,1010,250,nan
0,1020,0,nan
0,1020,10,1.18588e-09
0,1020,20,1.54613e-09
0,1020,30,9.23301e-08
0,1020,40,9.23301e-08
0,1020,50,9.23301e-08
0,1020,60,9.23301e-08
0,1020,70,9.23301e-08
0,1020,80,5.22474e-06
0,1020,90,5.22474e-06
0,1020,100,3.17047e-10
0,1020,110,nan
0,1020,120,nan
0,1020,130,nan
0,1020,140,0
0,1020,150,nan
0,1020,160,nan
0,1020,170,nan
0,1020,180,nan
0,1020,190,nan
0,1020,200,nan
0,1020,210,nan
0,1020,220,nan
0,1020,230,nan
0,1020,240,nan
0,1020,250,nan
0,1030,0,nan
0,1030,10,2.2418e-10
0,1030,20,1.54613e-09
0,1030,30,9.23301e-08
0,1030,40,9.23301e-08
0,1030,50,9.23301e-08
0,1030,60,9.23301e-08
0,1030,70,1.47933e-05
0,1030,80,2.76597e-05
0,1030,90,0.000980497
0,1030,100,0.00305705
0,1030,110,0.000996617
0,1030,120,0.00170304
0,1030,130,0.00191528
0,1030,140,0
0,1030,150,0
0,1030,160,0
0,1030,170,nan
0,1030,180,nan
0,1030,190,nan
0,1030,200,nan
0,1030,210,nan
0,1030,220,nan
0,1030,230,nan
0,1030,240,nan
0,1030,250,nan
0,1040,0,nan
0,1040,10,8.32203e-12
0,1040,20,1.54613e-09
0,1040,30,9.23301e-08
0,1040,40,9.23301e-08
0,1040,50,9.44229e-07
0,1040,60,4.48652e-05
0,1040,70,5.02225e-05
0,1040,80,4.25846e-05
0,1040,90,0.010259
0,1040,100,0.0107256
0,1040,110,0.00777915
0,1040,120,0.00630988
0,1040,130,0.011366
0,1040,140,0.00598984
0,1040,150,0
0,1040,160,0
0,1040,170,0
0,1040,180,nan
0,1040,190,nan
0,1040,200,nan
0,1040,210,nan
0,1040,220,nan
0,1040,230,nan
0,1040,240,nan
0,1040,250,nan
0,1050,0,nan
0,1050,10,0
0,1050,20,8.32203e-12
0,1050,30,7.25185e-08
0,1050,40,4.53823e-06
0,1050,50,6.808e-06
0,1050,60,9.09488e-05
0,1050,70,0.0200127
0,1050,80,0.00186134
0,1050,90,0.010433
0,1050,100,0.0178735
0,1050,110,0.0248982
0,1050,120,0.0335832
0,1050,130,0.0509443
0,1050,140,0.0451381
0,1050,150,0.0118352
0,1050,160,0
0,1050,170,0
0,1050,180,0
0,1050,190,nan
0,1050,200,nan
0,1050,210,nan
0,1050,220,nan
0,1050,230,nan
0,1050,240,nan
0,1050,250,nan
0,1060,0,nan
0,1060,10,nan
0,1060,20,2.26635e-08
0,1060,30,1.95612e-07
0,1060,40,0.00014373
0,1060,50,0.00014373
0,1060,60,0.0182534
0,1060,70,0.0417795
0,1060,80,0.0480203
0,1060,90,0.0155806
0,1060,100,0.0255489
0,1060,110,0.0383062
0,1060,120,0.0704174
0,1060,130,0.0634996
0,1060,140,0.0568411
0,1060,150,0.0380657
0,1060,160,0.00467043
0,1060,170,0
0,1060,180,0
0,1060,190,nan
0,1060,200,nan
0,1060,210,nan
0,1060,220,nan
0,1060,230,nan
0,1060,240,nan
0,1060,250,nan
0,1070,0,nan
0,1070,10,nan
0,1070,20,0
0,1070,30,5.15913e-08
0,1070,40,0.00058545
0,1070,50,0.0191314
0,1070,60,0.0317164
0,1070,70,0.0676234
0,1070,80,0.0543204
0,1070,90,0.0300221
0,1070,100,0.0202706
0,1070,110,0.0439821
0,1070,120,0.0715354
0,1070,130,0.0634479
0,1070,140,0.0577124
0,1070,150,0.0487725
0,1070,160,0.0227951
0,1070,170,0
0,1070,180,0
0,1070,190,nan
0,1070,200,nan
0,1070,210,nan
0,1070,220,nan
0,1070,230,nan
0,1070,240,nan
0,1070,250,nan
0,1080,0,nan
0,1080,10,0
0,1080,20,0
0,1080,30,0
0,1080,40,0.023832
0,1080,50,0.086659
0,1080,60,0.134059
0,1080,70,0.145899
0,1080,80,0.121103
0,1080,90,0.0712842
0,1080,100,0.01327
0,1080,110,0.0218964
0,1080,120,0.072665
0,1080,130,0.0637592
0,1080,140,0.0575876
0,1080,150,0.0545942
0,1080,160,0.0227951
0,1080,170,0
0,1080,180,nan
0,1080,190,nan
0,1080,200,nan
0,1080,210,nan
0,1080,220,nan
0,1080,230,nan
0,1080,240,nan
0,1080,250,nan
0,1090,0,nan
0,1090,10,0
0,1090,20,0
0,1090,30,0
0,1090,40,0.0944845
0,1090,50,0.190197
0,1090,60,0.194734
0,1090,70,0.201191
0,1090,80,0.222792
0,1090,90,0.174623
0,1090,100,0.0252977
0,1090,110,0.0145139
0,1090,120,0.0187613
0,1090,130,0.0632989
0,1090,140,0.0575876
0,1090,150,0.0545942
0,1090,160,0
0,1090,170,nan
0,1090,180,nan
0,1090,190,nan
0,1090,200,nan
0,1090,210,nan
0,1090,220,nan
0,1090,230,nan
0,1090,240,nan
0,1090,250,nan
0,1100,0,nan
0,1100,10,0
0,1100,20,0
0,1100,30,0.0279601
0,1100,40,0.204443
0,1100,50,0.242828
0,1100,60,0.242828
0,1100,70,0.260556
0,1100,80,0.263043
0,1100,90,0.239363
0,1100,100,0.125473
0,1100,110,0.0156499
0,1100,120,0.0111925
0,1100,130,0.0143609
0,1100,140,0.00137472
0,1100,150,0
0,1100,160,nan
0,1100,170,nan
0,1100,180,nan
0,1100,190,nan
0,1100,200,nan
0,1100,210,nan
0,1100,220,nan
0,1100,230,nan
0,1100,240,nan
0,1100,250,nan
0,1110,0,nan
0,1110,10,0
0,1110,20,0
0,1110,30,0.0661939
0,1110,40,0.242863
0,1110,50,0.284946
0,1110,60,0.269369
0,1110,70,0.289329
0,1110,80,0.286656
0,1110,90,0.270201
0,1110,100,0.188016
0,1110,110,0.0203937
0,1110,120,0.00118006
0,1110,130,0.00119112
0,1110,140,0
0,1110,150,0
0,1110,160,nan
0,1110,170,nan
0,1110,180,nan
0,1110,190,nan
0,1110,200,nan
0,1110,210,nan
0,1110,220,nan
0,1110,230,nan
0,1110,240,nan
0,1110,250,nan
0,1120,0,nan
0,1120,10,0
0,1120,20,0
0,1120,30,0.105161
0,1120,40,0.272791
0,1120,50,0.307034
0,1120,60,0.302404
0,1120,70,0.302404
0,1120,80,0.291998
0,1120,90,0.292805
0,1120,100,0.136192
0,1120,110,0.0161541
0,1120,120,0.00129443
0,1120,130,0.00101969
0,1120,140,0.00016531
0,1120,150,2.94329e-05
0,1120,160,nan
0,1120,170,nan
0,1120,180,nan
0,1120,190,nan
0,1120,200,nan
0,1120,210,nan
0,1120,220,0
0,1120,230,0
0,1120,240,nan
0,1120,250,nan
0,1130,0,nan
0,1130,10,0
0,1130,20,0
0,1130,30,0.112576
0,1130,40,0.290045
0,1130,50,0.29384
0,1130,60,0.309399
0,1130,70,0.309399
0,1130,80,0.271318
0,1130,90,0.263978
0,1130,100,0.0698409
0,1130,110,0.00815146
0,1130,120,0.000726229
0,1130,130,0.000308744
0,1130,140,0.000308744
0,1130,150,0
0,1130,160,0
0,1130,170,nan
0,1130,180,nan
0,1130,190,nan
0,1130,200,0
0,1130,210,0
0,1130,220,0
0,1130,230,0
0,1130,240,0
0,1130,250,0
0,1140,0,nan
0,1140,10,0
0,1140,20,0
0,1140,30,0.12535
0,1140,40,0.166811
0,1140,50,0.239901
0,1140,60,0.293953
0,1140,70,0.295894
0,1140,80,0.240648
0,1140,90,0.213394
0,1140,100,0.0180074
0,1140,110,0.00159777
0,1140,120,0.00116397
0,1140,130,0
0,1140,140,0
0,1140,150,0
0,1140,160,0
0,1140,170,0
0,1140,180,nan
0,1140,190,nan
0,1140,200,0
0,1140,210,0
0,1140,220,0
0,1140,230,0
0,1140,240,0
0,1140,250,0
0,1150,0,nan
0,1150,10,0
0,1150,20,0
0,1150,30,0.112449
0,1150,40,0.139051
0,1150,50,0.158531
0,1150,60,0.219627
0,1150,70,0.215089
0,1150,80,0.183288
0,1150,90,0.14867
0,1150,100,0.0153878
0,1150,110,0.00285733
0,1150,120,0.0028509
0,1150,130,0
0,1150,140,0
0,1150,150,0
0,1150,160,0
0,1150,170,0
0,1150,180,nan
0,1150,190,nan
0,1150,200,0
0,1150,210,0
0,1150,220,0
0,1150,230,0
0,1150,240,0
0,1150,250,0
0,1160,0,nan
0,1160,10,0
0,1160,20,0
0,1160,30,0.0619931
0,1160,40,0.125154
0,1160,50,0.131467
0,1160,60,0.131784
0,1160,70,0.14556
0,1160,80,0.148646
0,1160,90,0.0817868
0,1160,100,0.0210268
0,1160,110,0.00916068
0,1160,120,0.0028509
0,1160,130,0
0,1160,140,0
0,1160,150,0
0,1160,160,0
0,1160,170,0
0,1160,180,nan
0,1160,190,nan
0,1160,200,0
0,1160,210,0
0,1160,220,0
0,1160,230,0
0,1160,240,0
0,1160,250,0
0,1170,0,nan
0,1170,10,0
0,1170,20,0
0,1170,30,0.041481
0,1170,40,0.0816764
0,1170,50,0.118178
0,1170,60,0.128809
0,1170,70,0.139288
0,1170,80,0.128461
0,1170,90,0.0454948
0,1170,100,0.0210852
0,1170,110,0.0139931
0,1170,120,0.00613765
0,1170,130,0
0,1170,140,0
0,1170,150,0
0,1170,160,0
0,1170,170,0
0,1170,180,nan
0,1170,190,nan
0,1170,200,0
0,1170,210,0
0,1170,220,0
0,1170,230,0
0,1170,240,0
0,1170,250,0
0,1180,0,nan
0,1180,10,0
0,1180,20,0
0,1180,30,0.0284339
0,1180,40,0.0601873
0,1180,50,0.0899422
0,1180,60,0.11642
0,1180,70,0.125408
0,1180,80,0.101993
0,1180,90,0.0353517
0,1180,100,0.0174544
0,1180,110,0.00647379
0,1180,120,0.0084656
0,1180,130,0
0,1180,140,0
0,1180,150,0
0,1180,160,0
0,1180,170,nan
0,1180,180,nan
0,1180,190,nan
0,1180,200,nan
0,1180,210,0
0,1180,220,0
0,1180,230,0
0,1180,240,0
0,1180,250,nan
0,1190,0,nan
0,1190,10,0
0,1190,20,0
0,1190,30,0.00419767
0,1190,40,0.0465623
0,1190,50,0.0523486
0,1190,60,0.10615
0,1190,70,0.105646
0,1190,80,0.0775936
0,1190,90,0.045371
0,1190,100,0.0194494
0,1190,110,0
0,1190,120,0.00647379
0,1190,130,0.00354957
0,1190,140,0
0,1190,150,0
0,1190,160,nan
0,1190,170,nan
0,1190,180,nan
0,1190,190,nan
0,1190,200,nan
0,1190,210,nan
0,1190,220,nan
0,1190,230,nan
0,1190,240,nan
0,1190,250,nan
0,1200,0,nan
0,1200,10,nan
0,1200,20,0
0,1200,30,0
0,1200,40,0.0211777
0,1200,50,0.037688
0,1200,60,0.0895563
0,1200,70,0.107525
0,1200,80,0.0670794
0,1200,90,0.0657717
0,1200,100,0.0225181
0,1200,110,0.00976626
0,1200,120,0
0,1200,130,0
0,1200,140,0
0,1200,150,0
0,1200,160,0
0,1200,170,0
0,1200,180,nan
0,1200,190,nan
0,1200,200,nan
0,1200,210,0
0,1200,220,nan
0,1200,230,nan
0,1200,240,nan
0,1200,250,nan
0,1210,0,nan
0,1210,10,nan
0,1210,20,0
0,1210,30,0
0,1210,40,9.10293e-05
0,1210,50,0.0280959
0,1210,60,0.0817697
0,1210,70,0.103295
0,1210,80,0.0828934
0,1210,90,0.0670268
0,1210,100,0.0391977
0,1210,110,0.0258327
0,1210,120,0.00198066
0,1210,130,0.00809106
0,1210,140,0.00595031
0,1210,150,0.00595031
0,1210,160,0.00325476
0,1210,170,0
0,1210,180,0
0,1210,190,nan
0,1210,200,0
0,1210,210,0
0,1210,220,0
0,1210,230,nan
0,1210,240,nan
0,1210,250,nan
0,1220,0,nan
0,1220,10,nan
0,1220,20,nan
0,1220,30,0
0,1220,40,0.000141293
0,1220,50,0.000284479
0,1220,60,0.024957
0,1220,70,0.0560827
0,1220,80,0.0700434
0,1220,90,0.0700922
0,1220,100,0.0574581
0,1220,110,0.0457356
0,1220,120,0.0360311
0,1220,130,0.0308119
0,1220,140,0.0135997
0,1220,150,0.0135997
0,1220,160,0.0135997
0,1220,170,0.00912155
0,1220,180,0
0,1220,190,nan
0,1220,200,nan
0,1220,210,0
0,1220,220,0
0,1220,230,nan
0,1220,240,nan
0,1220,250,nan
0,1230,0,nan
0,1230,10,nan
0,1230,20,nan
0,1230,30,nan
0,1230,40,0.000127637
0,1230,50,0.00019103
0,1230,60,0
0,1230,70,0.0687713
0,1230,80,0.083126
0,1230,90,0.0848288
0,1230,100,0.075041
0,1230,110,0.0804204
0,1230,120,0.0802191
0,1230,130,0.0636269
0,1230,140,0.0282261
0,1230,150,0.0282261
0,1230,160,0.0239228
0,1230,170,0.0135997
0,1230,180,0.00912155
0,1230,190,0
0,1230,200,nan
0,1230,210,nan
0,1230,220,nan
0,1230,230,nan
0,1230,240,nan
0,1230,250,nan
0,1240,0,nan
0,1240,10,nan
0,1240,20,nan
0,1240,30,nan
0,1240,40,0.00537004
0,1240,50,0.00194743
0,1240,60,0
0,1240,70,0.0724123
0,1240,80,0.0895759
0,1240,90,0.0943972
0,1240,100,0.099613
0,1240,110,0.10991
0,1240,120,0.0977722
0,1240,130,0.0794625
0,1240,140,0.076852
0,1240,150,0.0399651
0,1240,160,0.0354767
0,1240,170,0.0282261
0,1240,180,0.0135997
0,1240,190,0
0,1240,200,nan
0,1240,210,nan
0,1240,220,nan
0,1240,230,nan
0,1240,240,nan
0,1240,250,nan
0,1250,0,nan
0,1250,10,nan
0,1250,20,0
0,1250,30,0
0,1250,40,0.0118148
0,1250,50,0.0176784
0,1250,60,0.0247946
0,1250,70,0.073669
0,1250,80,0.0936457
0,1250,90,0.0970666
0,1250,100,0.10911
0,1250,110,0.105506
0,1250,120,0.089261
0,1250,130,0.104066
0,1250,140,0.101953
0,1250,150,0.0428051
0,1250,160,0.0399651
0,1250,170,0.0310051
0,1250,180,0.0197724
0,1250,190,0
0,1250,200,nan
0,1250,210,nan
0,1250,220,nan
0,1250,230,nan
0,1250,240,nan
0,1250,250,nan
0,1260,0,nan
0,1260,10,nan
0,1260,20,0
0,1260,30,0
0,1260,40,0.010082
0,1260,50,0.0247946
0,1260,60,0.0319359
0,1260,70,0.0859274
0,1260,80,0.0751602
0,1260,90,0.0879202
0,1260,100,0.103254
0,1260,110,0.0895877
0,1260,120,0.0972864
0,1260,130,0.12388
0,1260,140,0.125998
0,1260,150,0.0428051
0,1260,160,0.0428051
0,1260,170,0.0327041
0,1260,180,0.021334
0,1260,190,nan
0,1260,200,nan
0,1260,210,nan
0,1260,220,nan
0,1260,230,nan
0,1260,240,nan
0,1260,250,nan
0,1270,0,nan
0,1270,10,0
0,1270,20,0
0,1270,30,0
0,1270,40,0
0,1270,50,0.0230618
0,1270,60,0.0317954
0,1270,70,0.0601658
0,1270,80,0.064336
0,1270,90,0.064256
0,1270,100,0.0653659
0,1270,110,0.0566811
0,1270,120,0.0702192
0,1270,130,0.13693
0,1270,140,0.139102
0,1270,150,0.0762621
0,1270,160,0.0337471
0,1270,170,0.022884
0,1270,180,0
0,1270,190,nan
0,1270,200,nan
0,1270,210,nan
0,1270,220,nan
0,1270,230,nan
0,1270,240,nan
0,1270,250,nan
0,1280,0,nan
0,1280,10,0
0,1280,20,0
0,1280,30,0
0,1280,40,0
0,1280,50,0.0171914
0,1280,60,0.0349036
0,1280,70,0.0557271
0,1280,80,0.0436181
0,1280,90,0.0282616
0,1280,100,0
0,1280,110,0.0556448
0,1280,120,0.0838416
0,1280,130,0.0765788
0,1280,140,0.07625
0,1280,150,0.0402914
0,1280,160,0
0,1280,170,0
0,1280,180,0
0,1280,190,nan
0,1280,200,nan
0,1280,210,0
0,1280,220,nan
0,1280,230,nan
0,1280,240,nan
0,1280,250,nan
0,1290,0,nan
0,1290,10,0
0,1290,20,0
0,1290,30,0
0,1290,40,0
0,1290,50,0
0,1290,60,0.0142576
0,1290,70,0.0131368
0,1290,80,0.00401026
0,1290,90,0
0,1290,100,0
0,1290,110,0
0,1290,120,0.072149
0,1290,130,0.0784993
0,1290,140,0.066756
0,1290,150,0.0540302
0,1290,160,0
0,1290,170,0
0,1290,180,0
0,1290,190,0
0,1290,200,0
0,1290,210,0
0,1290,220,0
0,1290,230,0
0,1290,240,nan
0,1290,250,nan
0,1300,0,nan
0,1300,10,nan
0,1300,20,0
0,1300,30,0
0,1300,40,0
0,1300,50,0.000196122
0,1300,60,0.000127889
0,1300,70,0.00133158
0,1300,80,0.00140461
0,1300,90,0
0,1300,100,0
0,1300,110,0
0,1300,120,0.0366179
0,1300,130,0.0568446
0,1300,140,0.0548107
0,1300,150,0.0433596
0,1300,160,0.00931532
0,1300,170,0
0,1300,180,0
0,1300,190,0
0,1300,200,0
0,1300,210,0
0,1300,220,0
0,1300,230,0
0,1300,240,0
0,1300,250,nan
0,1310,0,nan
0,1310,10,nan
0,1310,20,nan
0,1310,30,0
0,1310,40,4.79869e-05
0,1310,50,8.73924e-05
0,1310,60,3.11514e-05
0,1310,70,0
0,1310,80,0.00314099
0,1310,90,0
0,1310,100,0
0,1310,110,0
0,1310,120,0
0,1310,130,0.028132
0,1310,140,0.0356463
0,1310,150,0.0271496
0,1310,160,0.0113017
0,1310,170,nan
0,1310,180,0
0,1310,190,6.53115e-05
0,1310,200,0.00046142
0,1310,210,0.000672818
0,1310,220,0.00046142
0,1310,230,0
0,1310,240,0
0,1310,250,nan
0,1320,0,nan
0,1320,10,nan
0,1320,20,nan
0,1320,30,nan
0,1320,40,0
0,1320,50,0
0,1320,60,0
0,1320,70,0
0,1320,80,0.00577296
0,1320,90,0.00198414
0,1320,100,0.000965501
0,1320,110,0
0,1320,120,0
0,1320,130,0
0,1320,140,0
0,1320,150,0
0,1320,160,0
0,1320,170,nan
0,1320,180,1.35139e-05
0,1320,190,0.000601715
0,1320,200,0.000739441
0,1320,210,0.00105915
0,1320,220,0.00105915
0,1320,230,0.000475082
0,1320,240,0
0,1320,250,nan
0,1330,0,nan
0,1330,10,nan
0,1330,20,nan
0,1330,30,nan
0,1330,40,0
0,1330,50,0
0,1330,60,0
0,1330,70,2.63046e-05
0,1330,80,0.00590266
0,1330,90,0.00406045
0,1330,100,0.00225477
0,1330,110,0.00250261
0,1330,120,0
0,1330,130,0
0,1330,140,0
0,1330,150,0
0,1330,160,0
0,1330,170,nan
0,1330,180,0
0,1330,190,0.000411063
0,1330,200,0.000739441
0,1330,210,0.000739441
0,1330,220,0.000739441
0,1330,230,0.000411063
0,1330,240,6.65791e-05
0,1330,250,nan
0,1340,0,nan
0,1340,10,nan
0,1340,20,nan
0,1340,30,nan
0,1340,40,0
0,1340,50,0
0,1340,60,0
0,1340,70,7.6667e-05
0,1340,80,0.00320416
0,1340,90,0.00284332
0,1340,100,0.00350006
0,1340,110,0.00350006
0,1340,120,0.000701458
0,1340,130,0
0,1340,140,0
0,1340,150,0
0,1340,160,0
0,1340,170,nan
0,1340,180,0
0,1340,190,0.000145845
0,1340,200,0.000411063
0,1340,210,0.000411063
0,1340,220,0.000411063
0,1340,230,0.000145845
0,1340,240,0
0,1340,250,nan
0,1350,0,nan
0,1350,10,nan
0,1350,20,nan
0,1350,30,nan
0,1350,40,nan
0,1350,50,0
0,1350,60,1.30842e-05
0,1350,70,2.35899e-05
0,1350,80,0.000260265
0,1350,90,0.00307657
0,1350,100,0.00421652
0,1350,110,0.00303254
0,1350,120,0.00164482
0,1350,130,0
0,1350,140,0
0,1350,150,0
0,1350,160,nan
0,1350,170,nan
0,1350,180,0
0,1350,190,0
0,1350,200,0
0,1350,210,0
0,1350,220,0
0,1350,230,0
0,1350,240,0
0,1350,250,nan
0,1360,0,nan
0,1360,10,nan
0,1360,20,nan
0,1360,30,nan
0,1360,40,0
0,1360,50,0
0,1360,60,nan
0,1360,70,0
0,1360,80,0
0,1360,90,0.000481927
0,1360,100,0.00231847
0,1360,110,0.00162212
0,1360,120,0.000956501
0,1360,130,6.51489e-05
0,1360,140,1.23907e-05
0,1360,150,nan
0,1360,160,nan
0,1360,170,nan
0,1360,180,nan
0,1360,190,0
0,1360,200,0.00394623
0,1360,210,0.00124659
0,1360,220,0
0,1360,230,0
0,1360,240,nan
0,1360,250,nan
0,1370,0,nan
0,1370,10,nan
0,1370,20,nan
0,1370,30,0
0,1370,40,0
0,1370,50,0
0,1370,60,0
0,1370,70,1.68581e-06
0,1370,80,0
0,1370,90,0.00010637
0,1370,100,0.00010637
0,1370,110,0.000259525
0,1370,120,3.44494e-05
0,1370,130,0
0,1370,140,0
0,1370,150,nan
0,1370,160,nan
0,1370,170,nan
0,1370,180,nan
0,1370,190,0
0,1370,200,0.00186011
0,1370,210,0.00230941
0,1370,220,2.86555e-06
0,1370,230,nan
0,1370,240,nan
0,1370,250,nan
0,1380,0,nan
0,1380,10,nan
0,1380,20,0
0,1380,30,0
0,1380,40,0
0,1380,50,0
0,1380,60,0
0,1380,70,1.33818e-10
0,1380,80,3.1548e-06
0,1380,90,5.1828e-05
0,1380,100,7.83436e-05
0,1380,110,1.31881e-08
0,1380,120,0
0,1380,130,0
0,1380,140,0
0,1380,150,nan
0,1380,160,nan
0,1380,170,0
0,1380,180,0.00118307
0,1380,190,0.00647808
0,1380,200,0.0176889
0,1380,210,0.00853936
0,1380,220,0.00216509
0,1380,230,0
0,1380,240,0
0,1380,250,nan
0,1390,0,nan
0,1390,10,nan
0,1390,20,0
0,1390,30,0
0,1390,40,0
0,1390,50,0
0,1390,60,1.33818e-10
0,1390,70,1.33818e-10
0,1390,80,5.3119e-11
0,1390,90,3.86634e-06
0,1390,100,6.2365e-06
0,1390,110,6.2365e-06
0,1390,120,6.22326e-06
0,1390,130,0
0,1390,140,0
0,1390,150,nan
0,1390,160,0.000434627
0,1390,170,0.00397023
0,1390,180,0.0067349
0,1390,190,0.0659927
0,1390,200,0.07465
0,1390,210,0.063907
0,1390,220,0.0419226
0,1390,230,0
0,1390,240,0
0,1390,250,0
0,1400,0,nan
0,1400,10,nan
0,1400,20,0
0,1400,30,0
0,1400,40,0
0,1400,50,0
0,1400,60,1.33818e-10
0,1400,70,1.82264e-08
0,1400,80,5.3119e-11
0,1400,90,2.01772e-06
0,1400,100,3.96537e-06
0,1400,110,6.2365e-06
0,1400,120,3.86634e-06
0,1400,130,3.85877e-06
0,1400,140,0
0,1400,150,0
0,1400,160,0.00592369
0,1400,170,0.00858207
0,1400,180,0.0143376
0,1400,190,0.17932
0,1400,200,0.217718
0,1400,210,0.308154
0,1400,220,0.185549
0,1400,230,0
0,1400,240,0
0,1400,250,0
0,1410,0,nan
0,1410,10,nan
0,1410,20,nan
0,1410,30,0
0,1410,40,0
0,1410,50,0
0,1410,60,1.33818e-10
0,1410,70,5.3119e-11
0,1410,80,2.41915e-09
0,1410,90,2.41915e-09
0,1410,100,2.01772e-06
0,1410,110,4.70123e-05
0,1410,120,0.000132288
0,1410,130,8.73409e-05
0,1410,140,0
0,1410,150,0.0001302
0,1410,160,0.00724432
0,1410,170,0.0141981
0,1410,180,0.0794606
0,1410,190,0.226737
0,1410,200,0.400367
0,1410,210,0.346225
0,1410,220,0.25119
0,1410,230,0.000864606
0,1410,240,0
0,1410,250,0
0,1420,0,nan
0,1420,10,nan
0,1420,20,nan
0,1420,30,nan
0,1420,40,nan
0,1420,50,nan
0,1420,60,0
0,1420,70,5.3119e-11
0,1420,80,2.41915e-09
0,1420,90,2.87743e-06
0,1420,100,0.000152242
0,1420,110,0.00797986
0,1420,120,0.0116359
0,1420,130,0.00651119
0,1420,140,1.03954e-05
0,1420,150,0.00123603
0,1420,160,0.010971
0,1420,170,0.01648
0,1420,180,0.077233
0,1420,190,0.238435
0,1420,200,0.402303
0,1420,210,0.402303
0,1420,220,0.249602
0,1420,230,0.0594209
0,1420,240,0
0,1420,250,0
0,1430,0,nan
0,1430,10,nan
0,1430,20,nan
0,1430,30,nan
0,1430,40,nan
0,1430,50,nan
0,1430,60,0
0,1430,70,2.8748e-06
0,1430,80,2.72399e-05
0,1430,90,0.00333819
0,1430,100,0.0252626
0,1430,110,0.0403128
0,1430,120,0.0318854
0,1430,130,0.022783
0,1430,140,0.0146991
0,1430,150,0.00296295
0,1430,160,0.00948152
0,1430,170,0.0176572
0,1430,180,0.0683371
0,1430,190,0.203401
0,1430,200,0.287661
0,1430,210,0.317491
0,1430,220,0.12512
0,1430,230,0.00776467
0,1430,240,0
0,1430,250,nan
0,1440,0,nan
0,1440,10,nan
0,1440,20,nan
0,1440,30,nan
0,1440,40,nan
0,1440,50,nan
0,1440,60,nan
0,1440,70,3.06456e-05
0,1440,80,3.06456e-05
0,1440,90,0.0114204
0,1440,100,0.0416358
0,1440,110,0.0515591
0,1440,120,0.0607383
0,1440,130,0.0304338
0,1440,140,0.022783
0,1440,150,0.0110141
0,1440,160,0.00263169
0,1440,170,0.0130001
0,1440,180,0.0585009
0,1440,190,0.153568
0,1440,200,0.201372
0,1440,210,0.177831
0,1440,220,0.0417192
0,1440,230,0.000924298
0,1440,240,nan
0,1440,250,nan
0,1450,0,nan
0,1450,10,nan
0,1450,20,nan
0,1450,30,nan
0,1450,40,nan
0,1450,50,nan
0,1450,60,nan
0,1450,70,3.06456e-05
0,1450,80,3.06456e-05
0,1450,90,0.0169253
0,1450,100,0.0326758
0,1450,110,0.0515591
0,1450,120,0.0607383
0,1450,130,0.0607383
0,1450,140,0.0227443
0,1450,150,0.00648575
0,1450,160,0.00136259
0,1450,170,0
0,1450,180,0.0446811
0,1450,190,0.0878759
0,1450,200,0.124113
0,1450,210,0.0922521
0,1450,220,0.00604814
0,1450,230,0
0,1450,240,nan
0,1450,250,nan
0,1460,0,nan
0,1460,10,nan
0,1460,20,nan
0,1460,30,nan
0,1460,40,nan
0,1460,50,nan
0,1460,60,0
0,1460,70,0
0,1460,80,3.06456e-05
0,1460,90,0.0114204
0,1460,100,0.0197988
0,1460,110,0.0416358
0,1460,120,0.0515591
0,1460,130,0.0386631
0,1460,140,0.0176973
0,1460,150,0.00450376
0,1460,160,nan
0,1460,170,0
0,1460,180,0.027068
0,1460,190,0.0633887
0,1460,200,0.0680458
0,1460,210,0.0293164
0,1460,220,0
0,1460,230,0
0,1460,240,nan
0,1460,250,nan
0,1470,0,nan
0,1470,10,nan
0,1470,20,nan
0,1470,30,nan
0,1470,40,nan
0,1470,50,nan
0,1470,60,0
0,1470,70,0
0,1470,80,0
0,1470,90,0.00674471
0,1470,100,0.0188085
0,1470,110,0.0195427
0,1470,120,0.0267114
0,1470,130,0.0188056
0,1470,140,0.00440902
0,1470,150,4.46909e-07
0,1470,160,nan
0,1470,170,nan
0,1470,180,0.00753094
0,1470,190,0.015817
0,1470,200,0
0,1470,210,0
0,1470,220,0
0,1470,230,0
0,1470,240,0
0,1470,250,nan
0,1480,0,nan
0,1480,10,nan
0,1480,20,nan
0,1480,30,nan
0,1480,40,nan
0,1480,50,nan
0,1480,60,nan
0,1480,70,2.76524e-05
0,1480,80,0.000198057
0,1480,90,0.00390583
0,1480,100,0.0134264
0,1480,110,0.0178091
0,1480,120,0.0123151
0,1480,130,0.00227064
0,1480,140,4.42932e-06
0,1480,150,0
0,1480,160,0
0,1480,170,nan
0,1480,180,0
0,1480,190,0
0,1480,200,0
0,1480,210,0
0,1480,220,0
0,1480,230,0
0,1480,240,0
0,1480,250,nan
0,1490,0,nan
0,1490,10,nan
0,1490,20,nan
0,1490,30,nan
0,1490,40,nan
0,1490,50,0
0,1490,60,6.47167e-05
0,1490,70,0.000538403
0,1490,80,0.00110062
0,1490,90,0.00435433
0,1490,100,0.00728184
0,1490,110,0.00820241
0,1490,120,0.00466241
0,1490,130,8.00139e-05
0,1490,140,0
0,1490,150,0
0,1490,160,0
0,1490,170,nan
0,1490,180,0
0,1490,190,0
0,1490,200,0
0,1490,210,0
0,1490,220,0
0,1490,230,0
0,1490,240,0
0,1490,250,nan
0,1500,0,nan
0,1500,10,nan
0,1500,20,nan
0,1500,30,nan
0,1500,40,0
0,1500,50,0
0,1500,60,0.001089
0,1500,70,0.00307591
0,1500,80,0.00208586
0,1500,90,0.00604241
0,1500,100,0.00636802
0,1500,110,0.005712
0,1500,120,0.00177619
0,1500,130,0.000603105
0,1500,140,0
0,1500,150,0
0,1500,160,0
0,1500,170,0
0,1500,180,0
0,1500,190,0
0,1500,200,0
0,1500,210,0
0,1500,220,0
0,1500,230,0
0,1500,240,0
0,1500,250,nan
0,1510,0,nan
0,1510,10,nan
0,1510,20,nan
0,1510,30,0
0,1510,40,0
0,1510,50,0
0,1510,60,0.00246187
0,1510,70,0.00395223
0,1510,80,0.00466637
0,1510,90,0.00586776
0,1510,100,0.00453735
0,1510,110,0.00441584
0,1510,120,0.00219771
0,1510,130,0.000516445
0,1510,140,0
0,1510,150,0
0,1510,160,0
0,1510,170,0.000584021
0,1510,180,0
0,1510,190,0
0,1510,200,0
0,1510,210,0
0,1510,220,0
0,1510,230,0
0,1510,240,0
0,1510,250,0
0,1520,0,nan
0,1520,10,nan
0,1520,20,nan
0,1520,30,0
0,1520,40,0
0,1520,50,0
0,1520,60,0.0028653
0,1520,70,0.0068742
0,1520,80,0.00577251
0,1520,90,0.00586776
0,1520,100,0.00520737
0,1520,110,0.0022566
0,1520,120,0.0016008
0,1520,130,0.000516445
0,1520,140,0
0,1520,150,0
0,1520,160,0
0,1520,170,0.000545991
0,1520,180,0
0,1520,190,0
0,1520,200,0
0,1520,210,0
0,1520,220,0
0,1520,230,0
0,1520,240,0
0,1520,250,0
0,1530,0,nan
0,1530,10,nan
0,1530,20,nan
0,1530,30,0
0,1530,40,0
0,1530,50,0
0,1530,60,0.0028653
0,1530,70,0.0068742
0,1530,80,0.0068742
0,1530,90,0.00740363
0,1530,100,0.00520737
0,1530,110,0.00346759
0,1530,120,0.00265341
0,1530,130,0.000543344
0,1530,140,0.000205699
0,1530,150,3.38178e-05
0,1530,160,1.7445e-05
0,1530,170,0
0,1530,180,0
0,1530,190,0
0,1530,200,0
0,1530,210,0
0,1530,220,0
0,1530,230,0
0,1530,240,0
0,1530,250,0
0,1540,0,nan
0,1540,10,nan
0,1540,20,nan
0,1540,30,0
0,1540,40,0
0,1540,50,0
0,1540,60,0
0,1540,70,0.0046383
0,1540,80,0.00702968
0,1540,90,0.0103642
0,1540,100,0.0235156
0,1540,110,0.0249802
0,1540,120,0.0148489
0,1540,130,0.00498237
0,1540,140,0.00251472
0,1540,150,0.000903079
0,1540,160,1.64378e-05
0,1540,170,0.0017133
0,1540,180,0
0,1540,190,0
0,1540,200,0
0,1540,210,0
0,1540,220,0
0,1540,230,0
0,1540,240,0
0,1540,250,0
0,1550,0,nan
0,1550,10,nan
0,1550,20,nan
0,1550,30,nan
0,1550,40,0
0,1550,50,0
0,1550,60,0.000197023
0,1550,70,1.73883e-05
0,1550,80,0.00409609
0,1550,90,0.0221298
0,1550,100,0.0384922
0,1550,110,0.0470544
0,1550,120,0.0488618
0,1550,130,0.0372527
0,1550,140,0.00555509
0,1550,150,0.00114248
0,1550,160,0
0,1550,170,0.00345981
0,1550,180,0.00345424
0,1550,190,0
0,1550,200,0
0,1550,210,0
0,1550,220,0
0,1550,230,0
0,1550,240,0
0,1550,250,0
0,1560,0,nan
0,1560,10,nan
0,1560,20,nan
0,1560,30,0
0,1560,40,0
0,1560,50,0.000487224
0,1560,60,0.000736011
0,1560,70,0.00145268
0,1560,80,0.00988046
0,1560,90,0.0395356
0,1560,100,0.0460393
0,1560,110,0.067035
0,1560,120,0.0713702
0,1560,130,0.0497604
0,1560,140,0.0182931
0,1560,150,0.00383433
0,1560,160,0.000251837
0,1560,170,0.00539082
0,1560,180,0.00639605
0,1560,190,0
0,1560,200,0
0,1560,210,0
0,1560,220,0
0,1560,230,0
0,1560,240,0
0,1560,250,0
0,1570,0,nan
0,1570,10,nan
0,1570,20,0
0,1570,30,0
0,1570,40,0
0,1570,50,0
0,1570,60,0
0,1570,70,0.0022281
0,1570,80,0.0258801
0,1570,90,0.0430348
0,1570,100,0.0664729
0,1570,110,0.0763374
0,1570,120,0.0815705
0,1570,130,0.0742019
0,1570,140,0.0522463
0,1570,150,0.00383433
0,1570,160,0
0,1570,170,0.00641594
0,1570,180,0.00647007
0,1570,190,0
0,1570,200,0
0,1570,210,0
0,1570,220,0
0,1570,230,0
0,1570,240,0
0,1570,250,0
0,1580,0,nan
0,1580,10,nan
0,1580,20,0
0,1580,30,0
0,1580,40,0
0,1580,50,0.00560202
0,1580,60,0.0141811
0,1580,70,0.0172813
0,1580,80,0.0329781
0,1580,90,0.0470352
0,1580,100,0.0681166
0,1580,110,0.0821811
0,1580,120,0.0882555
0,1580,130,0.0850453
0,1580,140,0.0551914
0,1580,150,0.00136905
0,1580,160,0
0,1580,170,0.00562136
0,1580,180,0.00592686
0,1580,190,0
0,1580,200,0
0,1580,210,0
0,1580,220,0
0,1580,230,0
0,1580,240,0
0,1580,250,0
0,1590,0,nan
0,1590,10,nan
0,1590,20,0
0,1590,30,0
0,1590,40,0.0105648
0,1590,50,0.0537704
0,1590,60,0.108319
0,1590,70,0.115241
0,1590,80,0.0774638
0,1590,90,0.0917488
0,1590,100,0.0569886
0,1590,110,0.0656645
0,1590,120,0.0724062
0,1590,130,0.055652
0,1590,140,0.0299576
0,1590,150,0
0,1590,160,0
0,1590,170,0.00468811
0,1590,180,0.00260191
0,1590,190,0
0,1590,200,0
0,1590,210,0
0,1590,220,0
0,1590,230,0
0,1590,240,0
0,1590,250,0
0,1600,0,nan
0,1600,10,nan
0,1600,20,0
0,1600,30,0
0,1600,40,0.0734871
0,1600,50,0.108319
0,1600,60,0.156042
0,1600,70,0.161168
0,1600,80,0.171117
0,1600,90,0.124639
0,1600,100,0.111436
0,1600,110,0.0422772
0,1600,120,0.0245214
0,1600,130,0.0115146
0,1600,140,0.000874362
0,1600,150,0
0,1600,160,0
0,1600,170,0.000495293
0,1600,180,0
0,1600,190,0
0,1600,200,0
0,1600,210,0
0,1600,220,0
0,1600,230,0
0,1600,240,0
0,1600,250,0
0,1610,0,nan
0,1610,10,nan
0,1610,20,0
0,1610,30,0.0307567
0,1610,40,0.122036
0,1610,50,0.156042
0,1610,60,0.190993
0,1610,70,0.190993
0,1610,80,0.201856
0,1610,90,0.17523
0,1610,100,0.1454
0,1610,110,0.00330598
0,1610,120,0.00121774
0,1610,130,0.000567689
0,1610,140,0
0,1610,150,nan
0,1610,160,nan
0,1610,170,0
0,1610,180,0
0,1610,190,0
0,1610,200,0
0,1610,210,0
0,1610,220,0
0,1610,230,0
0,1610,240,0
0,1610,250,0
0,1620,0,nan
0,1620,10,nan
0,1620,20,0
0,1620,30,0.0374835
0,1620,40,0.156042
0,1620,50,0.190993
0,1620,60,0.197297
0,1620,70,0.215161
0,1620,80,0.197297
0,1620,90,0.205777
0,1620,100,0.180037
0,1620,110,0.0068144
0,1620,120,0.00291282
0,1620,130,0
0,1620,140,0
0,1620,150,nan
0,1620,160,nan
0,1620,170,0
0,1620,180,0
0,1620,190,0
0,1620,200,0
0,1620,210,0
0,1620,220,0
0,1620,230,0
0,1620,240,0
0,1620,250,0
0,1630,0,nan
0,1630,10,nan
0,1630,20,nan
0,1630,30,0.0391838
0,1630,40,0.165045
0,1630,50,0.197297
0,1630,60,0.219869
0,1630,70,0.219869
0,1630,80,0.219869
0,1630,90,0.219869
0,1630,100,0.192354
0,1630,110,0.0137169
0,1630,120,0
0,1630,130,0
0,1630,140,0
0,1630,150,nan
0,1630,160,nan
0,1630,170,0
0,1630,180,0
0,1630,190,0
0,1630,200,0
0,1630,210,0
0,1630,220,0
0,1630,230,0
0,1630,240,0
0,1630,250,0
0,1640,0,nan
0,1640,10,nan
0,1640,20,nan
0,1640,30,0
0,1640,40,0.167657
0,1640,50,0.219869
0,1640,60,0.219869
0,1640,70,0.221934
0,1640,80,0.220889
0,1640,90,0.216699
0,1640,100,0.169154
0,1640,110,0.00147523
0,1640,120,0
0,1640,130,0
0,1640,140,0
0,1640,150,0
0,1640,160,0
0,1640,170,0
0,1640,180,0
0,1640,190,0
0,1640,200,0
0,1640,210,0
0,1640,220,0
0,1640,230,0
0,1640,240,0
0,1640,250,0
0,1650,0,nan
0,1650,10,nan
0,1650,20,nan
0,1650,30,0
0,1650,40,0.0445484
0,1650,50,0.195849
0,1650,60,0.216699
0,1650,70,0.217734
0,1650,80,0.211177
0,1650,90,0.191552
0,1650,100,0.0944505
0,1650,110,3.44661e-05
0,1650,120,0
0,1650,130,0
0,1650,140,0
0,1650,150,0
0,1650,160,0
0,1650,170,0
0,1650,180,1.15282e-05
0,1650,190,0
0,1650,200,0
0,1650,210,0
0,1650,220,0
0,1650,230,0
0,1650,240,0
0,1650,250,0
0,1660,0,nan
0,1660,10,nan
0,1660,20,nan
0,1660,30,nan
0,1660,40,0
0,1660,50,0
0,1660,60,0.191552
0,1660,70,0.192131
0,1660,80,0.193065
0,1660,90,0.0986308
0,1660,100,0.00293741
0,1660,110,0.000755999
0,1660,120,0.000715929
0,1660,130,0
0,1660,140,0
0,1660,150,0
0,1660,160,0
0,1660,170,0
0,1660,180,0
0,1660,190,nan
0,1660,200,0
0,1660,210,0
0,1660,220,0
0,1660,230,0
0,1660,240,0
0,1660,250,nan
0,1670,0,nan
0,1670,10,nan
0,1670,20,nan
0,1670,30,nan
0,1670,40,nan
0,1670,50,0
0,1670,60,0
0,1670,70,0
0,1670,80,0.00632595
0,1670,90,0.00979081
0,1670,100,0.00653551
0,1670,110,0.00200016
0,1670,120,0.00315744
0,1670,130,0.00157909
0,1670,140,0
0,1670,150,0
0,1670,160,0
0,1670,170,0
0,1670,180,0
0,1670,190,nan
0,1670,200,nan
0,1670,210,nan
0,1670,220,nan
0,1670,230,nan
0,1670,240,nan
0,1670,250,nan
0,1680,0,nan
0,1680,10,nan
0,1680,20,nan
0,1680,30,nan
0,1680,40,nan
0,1680,50,0
0,1680,60,0
0,1680,70,0.00303551
0,1680,80,0.0124103
0,1680,90,0.0176651
0,1680,100,0.00720864
0,1680,110,0.00421563
0,1680,120,0.00455598
0,1680,130,0.00297306
0,1680,140,0.000706686
0,1680,150,0
0,1680,160,0
0,1680,170,0
0,1680,180,0
0,1680,190,nan
0,1680,200,nan
0,1680,210,nan
0,1680,220,nan
0,1680,230,nan
0,1680,240,nan
0,1680,250,nan
0,1690,0,nan
0,1690,10,nan
0,1690,20,nan
0,1690,30,nan
0,1690,40,nan
0,1690,50,nan
0,1690,60,0
0,1690,70,0.0067887
0,1690,80,0.0199427
0,1690,90,0.0262765
0,1690,100,0
0,1690,110,0.00515416
0,1690,120,0.00614017
0,1690,130,0.00604876
0,1690,140,0.000706686
0,1690,150,0
0,1690,160,0
0,1690,170,0
0,1690,180,0
0,1690,190,nan
0,1690,200,nan
0,1690,210,nan
0,1690,220,nan
0,1690,230,nan
0,1690,240,nan
0,1690,250,nan
0,1700,0,nan
0,1700,10,nan
0,1700,20,nan
0,1700,30,nan
0,1700,40,nan
0,1700,50,nan
0,1700,60,nan
0,1700,70,0.000855968
0,1700,80,0.0160434
0,1700,90,0.0115884
0,1700,100,0
0,1700,110,0.00236658
0,1700,120,0.00614017
0,1700,130,0.00604876
0,1700,140,0
0,1700,150,0
0,1700,160,0
0,1700,170,0
0,1700,180,nan
0,1700,190,nan
0,1700,200,nan
0,1700,210,nan
0,1700,220,nan
0,1700,230,nan
0,1700,240,nan
0,1700,250,nan
0,1710,0,nan
0,1710,10,nan
0,1710,20,nan
0,1710,30,nan
0,1710,40,0
0,1710,50,0
0,1710,60,0
0,1710,70,0
0,1710,80,1.4991e-08
0,1710,90,0
0,1710,100,0
0,1710,110,9.00492e-09
0,1710,120,0.00401686
0,1710,130,0.00390364
0,1710,140,0
0,1710,150,0
0,1710,160,0
0,1710,170,0
0,1710,180,nan
0,1710,190,0
0,1710,200,0
0,1710,210,0
0,1710,220,0
0,1710,230,0
0,1710,240,nan
0,1710,250,nan
0,1720,0,nan
0,1720,10,nan
0,1720,20,nan
0,1720,30,0
0,1720,40,0
0,1720,50,0
0,1720,60,0
0,1720,70,0
0,1720,80,0
0,1720,90,1.39544e-08
0,1720,100,6.18536e-09
0,1720,110,6.18536e-09
0,1720,120,1.89082e-09
0,1720,130,0
0,1720,140,3.6785e-05
0,1720,150,3.67793e-05
0,1720,160,0
0,1720,170,nan
0,1720,180,0
0,1720,190,0
0,1720,200,0
0,1720,210,0
0,1720,220,0
0,1720,230,0
0,1720,240,nan
0,1720,250,nan
0,1730,0,nan
0,1730,10,nan
0,1730,20,nan
0,1730,30,0
0,1730,40,0
0,1730,50,0
0,1730,60,0
0,1730,70,0
0,1730,80,0
0,1730,90,8.52248e-12
0,1730,100,7.09961e-14
0,1730,110,7.09961e-14
0,1730,120,7.09961e-14
0,1730,130,6.55521e-09
0,1730,140,1.24205e-08
0,1730,150,0
0,1730,160,0
0,1730,170,0
0,1730,180,0
0,1730,190,0
0,1730,200,0
0,1730,210,0
0,1730,220,0
0,1730,230,0
0,1730,240,0
0,1730,250,nan
0,1740,0,nan
0,1740,10,nan
0,1740,20,0
0,1740,30,0
0,1740,40,0
0,1740,50,0
0,1740,60,0
0,1740,70,0
0,1740,80,8.52248e-12
0,1740,90,7.4244e-07
0,1740,100,6.87418e-08
0,1740,110,6.87418e-08
0,1740,120,0.000486423
0,1740,130,0.000175805
0,1740,140,1.91395e-08
0,1740,150,0
0,1740,160,0
0,1740,170,0
0,1740,180,0.000115599
0,1740,190,0
0,1740,200,0
0,1740,210,0
0,1740,220,0
0,1740,230,0
0,1740,240,0
0,1740,250,nan
0,1750,0,nan
0,1750,10,nan
0,1750,20,0
0,1750,30,0
0,1750,40,0
0,1750,50,0
0,1750,60,0
0,1750,70,0
0,1750,80,1.16073e-06
0,1750,90,1.68033e-06
0,1750,100,1.28526e-07
0,1750,110,9.86647e-08
0,1750,120,0.00197292
0,1750,130,0.00153479
0,1750,140,0.000397096
0,1750,150,0
0,1750,160,0
0,1750,170,0
0,1750,180,0.000110214
0,1750,190,0
0,1750,200,0
0,1750,210,0
0,1750,220,0
0,1750,230,0
0,1750,240,nan
0,1750,250,nan
0,1760,0,nan
0,1760,10,nan
0,1760,20,nan
0,1760,30,0
0,1760,40,0
0,1760,50,0
0,1760,60,0
0,1760,70,3.7203e-07
0,1760,80,1.6424e-06
0,1760,90,2.17278e-06
0,1760,100,5.54324e-08
0,1760,110,4.75585e-08
0,1760,120,0.00243781
0,1760,130,0.00236098
0,1760,140,0.00217994
0,1760,150,0
0,1760,160,0
0,1760,170,0
0,1760,180,0
0,1760,190,0
0,1760,200,0
0,1760,210,0
0,1760,220,0
0,1760,230,0
0,1760,240,nan
0,1760,250,nan
0,1770,0,nan
0,1770,10,nan
0,1770,20,nan
0,1770,30,0
0,1770,40,0
0,1770,50,1.7454e-08
0,1770,60,1.7454e-08
0,1770,70,7.25126e-07
0,1770,80,2.12521e-06
0,1770,90,2.56375e-06
0,1770,100,5.54324e-08
0,1770,110,5.54324e-08
0,1770,120,0.00243781
0,1770,130,0.00319833
0,1770,140,0.0021799
0,1770,150,0
0,1770,160,0
0,1770,170,0
0,1770,180,0
0,1770,190,nan
0,1770,200,0
0,1770,210,0
0,1770,220,nan
0,1770,230,nan
0,1770,240,nan
0,1770,250,nan
0,1780,0,nan
0,1780,10,nan
0,1780,20,nan
0,1780,30,nan
0,1780,40,0
0,1780,50,1.85731e-07
0,1780,60,1.85731e-07
0,1780,70,0.000751322
0,1780,80,0
0,1780,90,0
0,1780,100,0
0,1780,110,0
0,1780,120,0
0,1780,130,0.00319827
0,1780,140,0.0021799
0,1780,150,0
0,1780,160,0
0,1780,170,0
0,1780,180,nan
0,1780,190,nan
0,1780,200,nan
0,1780,210,nan
0,1780,220,nan
0,1780,230,nan
0,1780,240,nan
0,1780,250,nan
0,1790,0,nan
0,1790,10,nan
0,1790,20,nan
0,1790,30,0
0,1790,40,0
0,1790,50,0
0,1790,60,0
0,1790,70,0
0,1790,80,0.0012168
0,1790,90,0
0,1790,100,0
0,1790,110,0
0,1790,120,0
0,1790,130,0
0,1790,140,0.000506937
0,1790,150,0
0,1790,160,0
0,1790,170,nan
0,1790,180,nan
0,1790,190,nan
0,1790,200,nan
0,1790,210,nan
0,1790,220,nan
0,1790,230,nan
0,1790,240,nan
0,1790,250,nan
0,1800,0,nan
0,1800,10,nan
0,1800,20,nan
0,1800,30,0
0,1800,40,0
0,1800,50,0
0,1800,60,0.000391098
0,1800,70,0.00150455
0,1800,80,0.00135943
0,1800,90,4.59493e-05
0,1800,100,0
0,1800,110,0
0,1800,120,0
0,1800,130,0
0,1800,140,nan
0,1800,150,nan
0,1800,160,nan
0,1800,170,nan
0,1800,180,nan
0,1800,190,0
0,1800,200,0
0,1800,210,0
0,1800,220,nan
0,1800,230,nan
0,1800,240,nan
0,1800,250,nan
0,1810,0,nan
0,1810,10,nan
0,1810,20,4.10422e-05
0,1810,30,0.000134285
0,1810,40,0.000134285
0,1810,50,0.00297651
0,1810,60,0.00487612
0,1810,70,0.0045549
0,1810,80,0.00351889
0,1810,90,0
0,1810,100,0.000112302
0,1810,110,0
0,1810,120,0
0,1810,130,nan
0,1810,140,nan
0,1810,150,nan
0,1810,160,nan
0,1810,170,0
0,1810,180,0
0,1810,190,0
0,1810,200,0
0,1810,210,0
0,1810,220,0
0,1810,230,0
0,1810,240,nan
0,1810,250,nan
0,1820,0,nan
0,1820,10,0
0,1820,20,0.000102863
0,1820,30,0.000130585
0,1820,40,0.00124499
0,1820,50,0.00487612
0,1820,60,0.00487612
0,1820,70,0.00487612
0,1820,80,0.00449136
0,1820,90,0
0,1820,100,0
0,1820,110,0
0,1820,120,0
0,1820,130,0
0,1820,140,nan
0,1820,150,nan
0,1820,160,nan
0,1820,170,0
0,1820,180,0
0,1820,190,0
0,1820,200,0
0,1820,210,0
0,1820,220,0
0,1820,230,0
0,1820,240,nan
0,1820,250,nan
0,1830,0,nan
0,1830,10,0
0,1830,20,8.93119e-05
0,1830,30,0.000113231
0,1830,40,0.00480495
0,1830,50,0.0048512
0,1830,60,0.0048512
0,1830,70,0.00480495
0,1830,80,0.00451546
0,1830,90,0
0,1830,100,0
0,1830,110,6.32123e-05
0,1830,120,0
0,1830,130,0
0,1830,140,nan
0,1830,150,nan
0,1830,160,0
0,1830,170,0
0,1830,180,0
0,1830,190,0
0,1830,200,0
0,1830,210,0
0,1830,220,0
0,1830,230,0
0,1830,240,0
0,1830,250,nan
0,1840,0,0
0,1840,10,0
0,1840,20,5.1847e-05
0,1840,30,0.000102863
0,1840,40,0.00451546
0,1840,50,0.00451546
0,1840,60,0.00451546
0,1840,70,0.00418472
0,1840,80,0.00295469
0,1840,90,0
0,1840,100,0
0,1840,110,0
0,1840,120,0
0,1840,130,0
0,1840,140,nan
0,1840,150,0
0,1840,160,0.000207509
0,1840,170,0.000261154
0,1840,180,0
0,1840,190,0
0,1840,200,0
0,1840,210,0
0,1840,220,0
0,1840,230,0
0,1840,240,0
0,1840,250,nan
0,1850,0,0
0,1850,10,0
0,1850,20,0
0,1850,30,5.1847e-05
0,1850,40,0.00288169
0,1850,50,0.00376995
0,1850,60,0.003668
0,1850,70,0.00295469
0,1850,80,0.000186939
0,1850,90,0
0,1850,100,0
0,1850,110,0
0,1850,120,nan
0,1850,130,nan
0,1850,140,0
0,1850,150,0
0,1850,160,0.000123095
0,1850,170,0.00209726
0,1850,180,0.00160177
0,1850,190,0
0,1850,200,0
0,1850,210,0
0,1850,220,0
0,1850,230,0
0,1850,240,0
0,1850,250,nan
0,1860,0,nan
0,1860,10,0
0,1860,20,4.89926e-06
0,1860,30,1.23228e-05
0,1860,40,0.000486157
0,1860,50,0.00240142
0,1860,60,0.00148368
0,1860,70,0.000343032
0,1860,80,0.000186939
0,1860,90,0
0,1860,100,0
0,1860,110,0
0,1860,120,nan
0,1860,130,nan
0,1860,140,0
0,1860,150,0
0,1860,160,0
0,1860,170,0.00209726
0,1860,180,0.00297374
0,1860,190,0.000726881
0,1860,200,0
0,1860,210,0
0,1860,220,0
0,1860,230,0
0,1860,240,0
0,1860,250,nan
0,1870,0,nan
0,1870,10,0
0,1870,20,1.55661e-05
0,1870,30,2.017e-05
0,1870,40,2.017e-05
0,1870,50,0.000303148
0,1870,60,0.000457059
0,1870,70,0.000462629
0,1870,80,8.40632e-05
0,1870,90,0
0,1870,100,0
0,1870,110,nan
0,1870,120,nan
0,1870,130,nan
0,1870,140,0
0,1870,150,0
0,1870,160,0
0,1870,170,0
0,1870,180,0.00297374
0,1870,190,0.000726881
0,1870,200,0
0,1870,210,0
0,1870,220,0
0,1870,230,0
0,1870,240,nan
0,1870,250,nan
0,1880,0,nan
0,1880,10,0
0,1880,20,2.16152e-05
0,1880,30,2.26294e-05
0,1880,40,2.33174e-05
0,1880,50,2.33174e-05
0,1880,60,0.000132437
0,1880,70,0.000134049
0,1880,80,0.00011862
0,1880,90,0
0,1880,100,nan
0,1880,110,nan
0,1880,120,nan
0,1880,130,nan
0,1880,140,nan
0,1880,150,0
0,1880,160,0
0,1880,170,0
0,1880,180,0.000398166
0,1880,190,0
0,1880,200,0
0,1880,210,0
0,1880,220,0
0,1880,230,nan
0,1880,240,nan
0,1880,250,nan
0,1890,0,nan
0,1890,10,0
0,1890,20,0
0,1890,30,0
0,1890,40,0
0,1890,50,0
0,1890,60,0
0,1890,70,0
0,1890,80,0
0,1890,90,nan
0,1890,100,nan
0,1890,110,nan
0,1890,120,nan
0,1890,130,nan
0,1890,140,nan
0,1890,150,nan
0,1890,160,0
0,1890,170,0
0,1890,180,nan
0,1890,190,nan
0,1890,200,0
0,1890,210,0
0,1890,220,nan
0,1890,230,nan
0,1890,240,nan
0,1890,250,nan
0,1900,0,nan
0,1900,10,0
0,1900,20,0
0,1900,30,0
0,1900,40,0
0,1900,50,0
0,1900,60,0
0,1900,70,0
0,1900,80,0
0,1900,90,nan
0,1900,100,nan
0,1900,110,nan
0,1900,120,nan
0,1900,130,nan
0,1900,140,nan
0,1900,150,nan
0,1900,160,nan
0,1900,170,nan
0,1900,180,nan
0,1900,190,nan
0,1900,200,nan
0,1900,210,nan
0,1900,220,nan
0,1900,230,nan
0,1900,240,nan
0,1900,250,nan
0,1910,0,nan
0,1910,10,0
0,1910,20,0
0,1910,30,0
0,1910,40,0
0,1910,50,0
0,1910,60,0
0,1910,70,0
0,1910,80,0
0,1910,90,0
0,1910,100,nan
0,1910,110,nan
0,1910,120,nan
0,1910,130,nan
0,1910,140,nan
0,1910,150,nan
0,1910,160,nan
0,1910,170,nan
0,1910,180,nan
0,1910,190,nan
0,1910,200,nan
0,1910,210,nan
0,1910,220,nan
0,1910,230,nan
0,1910,240,nan
0,1910,250,nan
0,1920,0,0
0,1920,10,0
0,1920,20,0
0,1920,30,0
0,1920,40,0
0,1920,50,0
0,1920,60,0
0,1920,70,0
0,1920,80,0
0,1920,90,0
0,1920,100,nan
0,1920,110,nan
0,1920,120,nan
0,1920,130,nan
0,1920,140,nan
0,1920,150,nan
0,1920,160,nan
0,1920,170,nan
0,1920,180,nan
0,1920,190,nan
0,1920,200,nan
0,1920,210,nan
0,1920,220,nan
0,1920,230,nan
0,1920,240,nan
0,1920,250,nan
0,1930,0,0
0,1930,10,0
0,1930,20,0
0,1930,30,0
0,1930,40,0
0,1930,50,0
0,1930,60,0
0,1930,70,0
0,1930,80,0
0,1930,90,0.000147661
0,1930,100,0
0,1930,110,0
0,1930,120,nan
0,1930,130,nan
0,1930,140,nan
0,1930,150,nan
0,1930,160,nan
0,1930,170,nan
0,1930,180,nan
0,1930,190,nan
0,1930,200,nan
0,1930,210,nan
0,1930,220,nan
0,1930,230,nan
0,1930,240,nan
0,1930,250,nan
0,1940,0,0
0,1940,10,0
0,1940,20,0
0,1940,30,0
0,1940,40,0
0,1940,50,0
0,1940,60,0
0,1940,70,0
0,1940,80,0.000264909
0,1940,90,9.36907e-05
0,1940,100,0
0,1940,110,0
0,1940,120,0
0,1940,130,nan
0,1940,140,nan
0,1940,150,nan
0,1940,160,nan
0,1940,170,nan
0,1940,180,nan
0,1940,190,nan
0,1940,200,nan
0,1940,210,nan
0,1940,220,nan
0,1940,230,nan
0,1940,240,nan
0,1940,250,nan
0,1950,0,nan
0,1950,10,0
0,1950,20,0
0,1950,30,0
0,1950,40,0
0,1950,50,0
0,1950,60,0
0,1950,70,0
0,1950,80,0.000147661
0,1950,90,0
0,1950,100,0
0,1950,110,0
0,1950,120,0
0,1950,130,nan
0,1950,140,nan
0,1950,150,nan
0,1950,160,nan
0,1950,170,nan
0,1950,180,nan
0,1950,190,nan
0,1950,200,nan
0,1950,210,nan
0,1950,220,nan
0,1950,230,nan
0,1950,240,nan
0,1950,250,nan
0,1960,0,nan
0,1960,10,0
0,1960,20,0
0,1960,30,0
0,1960,40,0
0,1960,50,0
0,1960,60,0
0,1960,70,0
0,1960,80,4.8787e-05
0,1960,90,0
0,1960,100,0
0,1960,110,0
0,1960,120,0
0,1960,130,nan
0,1960,140,nan
0,1960,150,nan
0,1960,160,nan
0,1960,170,nan
0,1960,180,nan
0,1960,190,nan
0,1960,200,nan
0,1960,210,nan
0,1960,220,nan
0,1960,230,nan
0,1960,240,nan
0,1960,250,nan
0,1970,0,nan
0,1970,10,nan
0,1970,20,0
0,1970,30,0
0,1970,40,0
0,1970,50,0
0,1970,60,0
0,1970,70,0
0,1970,80,nan
0,1970,90,0
0,1970,100,0
0,1970,110,0
0,1970,120,nan
0,1970,130,nan
0,1970,140,nan
0,1970,150,nan
0,1970,160,nan
0,1970,170,nan
0,1970,180,nan
0,1970,190,nan
0,1970,200,nan
0,1970,210,nan
0,1970,220,nan
0,1970,230,nan
0,1970,240,nan
0,1970,250,nan
0,1980,0,nan
0,1980,10,nan
0,1980,20,nan
0,1980,30,nan
0,1980,40,nan
0,1980,50,0
0,1980,60,0
0,1980,70,0
0,1980,80,0
0,1980,90,nan
0,1980,100,nan
0,1980,110,nan
0,1980,120,nan
0,1980,130,nan
0,1980,140,nan
0,1980,150,nan
0,1980,160,nan
0,1980,170,nan
0,1980,180,nan
0,1980,190,nan
0,1980,200,nan
0,1980,210,nan
0,1980,220,nan
0,1980,230,nan
0,1980,240,nan
0,1980,250,nan
0,1990,0,nan
0,1990,10,nan
0,1990,20,nan
0,1990,30,nan
0,1990,40,0
0,1990,50,0
0,1990,60,0
0,1990,70,0
0,1990,80,0
0,1990,90,0
0,1990,100,nan
0,1990,110,nan
0,1990,120,nan
0,1990,130,nan
0,1990,140,nan
0,1990,150,nan
0,1990,160,nan
0,1990,170,nan
0,1990,180,nan
0,1990,190,nan
0,1990,200,nan
0,1990,210,nan
0,1990,220,nan
0,1990,230,nan
0,1990,240,nan
0,1990,250,nan
0,2000,0,nan
0,2000,10,nan
0,2000,20,nan
0,2000,30,nan
0,2000,40,0
0,2000,50,0
0,2000,60,0
0,2000,70,0
0,2000,80,0
0,2000,90,0
0,2000,100,0
0,2000,110,nan
0,2000,120,nan
0,2000,130,nan
0,2000,140,nan
0,2000,150,nan
0,2000,160,nan
0,2000,170,0
0,2000,180,0
0,2000,190,0
0,2000,200,0
0,2000,210,0
0,2000,220,nan
0,2000,230,nan
0,2000,240,nan
0,2000,250,nan
